Timestamp,Image_Path,Label,Status
2023-12-11 10:00:00,data\raw\ok\ok_0000.png,ok,0
2023-12-11 10:00:00,data\raw\ok\ok_0001.png,ok,0
2023-12-11 10:00:00,data\raw\ok\ok_0002.png,ok,0
2023-12-11 10:00:00,data\raw\ok\ok_0003.png,ok,0
2023-12-11 10:00:00,data\raw\ok\ok_0004.png,ok,0
2023-12-11 10:00:00,data\raw\ok\ok_0005.png,ok,0
2023-12-11 10:00:00,data\raw\ok\ok_0006.png,ok,0
2023-12-11 10:00:00,data\raw\ok\ok_0007.png,ok,0
2023-12-11 10:00:00,data\raw\ok\ok_0008.png,ok,0
2023-12-11 10:00:00,data\raw\ok\ok_0009.png,ok,0
2023-12-11 10:00:00,data\raw\ok\ok_0010.png,ok,0
2023-12-11 10:00:00,data\raw\ok\ok_0011.png,ok,0
2023-12-11 10:00:00,data\raw\ok\ok_0012.png,ok,0
2023-12-11 10:00:00,data\raw\ok\ok_0013.png,ok,0
2023-12-11 10:00:00,data\raw\ok\ok_0014.png,ok,0
2023-12-11 10:00:00,data\raw\ok\ok_0015.png,ok,0
2023-12-11 10:00:00,data\raw\ok\ok_0016.png,ok,0
2023-12-11 10:00:00,data\raw\ok\ok_0017.png,ok,0
2023-12-11 10:00:00,data\raw\ok\ok_0018.png,ok,0
2023-12-11 10:00:00,data\raw\ok\ok_0019.png,ok,0
2023-12-11 10:00:00,data\raw\ok\ok_0020.png,ok,0
2023-12-11 10:00:00,data\raw\ok\ok_0021.png,ok,0
2023-12-11 10:00:00,data\raw\ok\ok_0022.png,ok,0
2023-12-11 10:00:00,data\raw\ok\ok_0023.png,ok,0
2023-12-11 10:00:00,data\raw\ok\ok_0024.png,ok,0
2023-12-11 10:00:00,data\raw\ok\ok_0025.png,ok,0
2023-12-11 10:00:00,data\raw\ok\ok_0026.png,ok,0
2023-12-11 10:00:00,data\raw\ok\ok_0027.png,ok,0
2023-12-11 10:00:00,data\raw\ok\ok_0028.png,ok,0
2023-12-11 10:00:00,data\raw\ok\ok_0029.png,ok,0
2023-12-11 10:00:00,data\raw\ok\ok_0030.png,ok,0
2023-12-11 10:00:00,data\raw\ok\ok_0031.png,ok,0
2023-12-11 10:00:00,data\raw\ok\ok_0032.png,ok,0
2023-12-11 10:00:00,data\raw\ok\ok_0033.png,ok,0
2023-12-11 10:00:00,data\raw\ok\ok_0034.png,ok,0
2023-12-11 10:00:00,data\raw\ok\ok_0035.png,ok,0
2023-12-11 10:00:00,data\raw\ok\ok_0036.png,ok,0
2023-12-11 10:00:00,data\raw\ok\ok_0037.png,ok,0
2023-12-11 10:00:00,data\raw\ok\ok_0038.png,ok,0
2023-12-11 10:00:00,data\raw\ok\ok_0039.png,ok,0
2023-12-11 10:00:00,data\raw\ok\ok_0040.png,ok,0
2023-12-11 10:00:00,data\raw\ok\ok_0041.png,ok,0
2023-12-11 10:00:00,data\raw\ok\ok_0042.png,ok,0
2023-12-11 10:00:00,data\raw\ok\ok_0043.png,ok,0
2023-12-11 10:00:00,data\raw\ok\ok_0044.png,ok,0
2023-12-11 10:00:00,data\raw\ok\ok_0045.png,ok,0
2023-12-11 10:00:00,data\raw\ok\ok_0046.png,ok,0
2023-12-11 10:00:00,data\raw\ok\ok_0047.png,ok,0
2023-12-11 10:00:00,data\raw\ok\ok_0048.png,ok,0
2023-12-11 10:00:00,data\raw\ok\ok_0049.png,ok,0
2023-12-11 10:00:00,data\raw\ok\ok_0050.png,ok,0
2023-12-11 10:00:00,data\raw\ok\ok_0051.png,ok,0
2023-12-11 10:00:00,data\raw\ok\ok_0052.png,ok,0
2023-12-11 10:00:00,data\raw\ok\ok_0053.png,ok,0
2023-12-11 10:00:00,data\raw\ok\ok_0054.png,ok,0
2023-12-11 10:00:00,data\raw\ok\ok_0055.png,ok,0
2023-12-11 10:00:00,data\raw\ok\ok_0056.png,ok,0
2023-12-11 10:00:00,data\raw\ok\ok_0057.png,ok,0
2023-12-11 10:00:00,data\raw\ok\ok_0058.png,ok,0
2023-12-11 10:00:00,data\raw\ok\ok_0059.png,ok,0
2023-12-11 10:00:00,data\raw\ok\ok_0060.png,ok,0
2023-12-11 10:00:00,data\raw\ok\ok_0061.png,ok,0
2023-12-11 10:00:00,data\raw\ok\ok_0062.png,ok,0
2023-12-11 10:00:00,data\raw\ok\ok_0063.png,ok,0
2023-12-11 10:00:00,data\raw\ok\ok_0064.png,ok,0
2023-12-11 10:00:00,data\raw\ok\ok_0065.png,ok,0
2023-12-11 10:00:00,data\raw\ok\ok_0066.png,ok,0
2023-12-11 10:00:00,data\raw\ok\ok_0067.png,ok,0
2023-12-11 10:00:00,data\raw\ok\ok_0068.png,ok,0
2023-12-11 10:00:00,data\raw\ok\ok_0069.png,ok,0
2023-12-11 10:00:00,data\raw\ok\ok_0070.png,ok,0
2023-12-11 10:00:00,data\raw\ok\ok_0071.png,ok,0
2023-12-11 10:00:00,data\raw\ok\ok_0072.png,ok,0
2023-12-11 10:00:00,data\raw\ok\ok_0073.png,ok,0
2023-12-11 10:00:00,data\raw\ok\ok_0074.png,ok,0
2023-12-11 10:00:00,data\raw\ok\ok_0075.png,ok,0
2023-12-11 10:00:00,data\raw\ok\ok_0076.png,ok,0
2023-12-11 10:00:00,data\raw\ok\ok_0077.png,ok,0
2023-12-11 10:00:00,data\raw\ok\ok_0078.png,ok,0
2023-12-11 10:00:00,data\raw\ok\ok_0079.png,ok,0
2023-12-11 10:00:00,data\raw\ok\ok_0080.png,ok,0
2023-12-11 10:00:00,data\raw\ok\ok_0081.png,ok,0
2023-12-11 10:00:00,data\raw\ok\ok_0082.png,ok,0
2023-12-11 10:00:00,data\raw\ok\ok_0083.png,ok,0
2023-12-11 10:00:00,data\raw\ok\ok_0084.png,ok,0
2023-12-11 10:00:00,data\raw\ok\ok_0085.png,ok,0
2023-12-11 10:00:00,data\raw\ok\ok_0086.png,ok,0
2023-12-11 10:00:00,data\raw\ok\ok_0087.png,ok,0
2023-12-11 10:00:00,data\raw\ok\ok_0088.png,ok,0
2023-12-11 10:00:00,data\raw\ok\ok_0089.png,ok,0
2023-12-11 10:00:00,data\raw\ok\ok_0090.png,ok,0
2023-12-11 10:00:00,data\raw\ok\ok_0091.png,ok,0
2023-12-11 10:00:00,data\raw\ok\ok_0092.png,ok,0
2023-12-11 10:00:00,data\raw\ok\ok_0093.png,ok,0
2023-12-11 10:00:00,data\raw\ok\ok_0094.png,ok,0
2023-12-11 10:00:00,data\raw\ok\ok_0095.png,ok,0
2023-12-11 10:00:00,data\raw\ok\ok_0096.png,ok,0
2023-12-11 10:00:00,data\raw\ok\ok_0097.png,ok,0
2023-12-11 10:00:00,data\raw\ok\ok_0098.png,ok,0
2023-12-11 10:00:00,data\raw\ok\ok_0099.png,ok,0
2023-12-11 10:00:00,data\raw\ok\ok_0100.png,ok,0
2023-12-11 10:00:00,data\raw\ok\ok_0101.png,ok,0
2023-12-11 10:00:00,data\raw\ok\ok_0102.png,ok,0
2023-12-11 10:00:00,data\raw\ok\ok_0103.png,ok,0
2023-12-11 10:00:00,data\raw\ok\ok_0104.png,ok,0
2023-12-11 10:00:00,data\raw\ok\ok_0105.png,ok,0
2023-12-11 10:00:00,data\raw\ok\ok_0106.png,ok,0
2023-12-11 10:00:00,data\raw\ok\ok_0107.png,ok,0
2023-12-11 10:00:00,data\raw\ok\ok_0108.png,ok,0
2023-12-11 10:00:00,data\raw\ok\ok_0109.png,ok,0
2023-12-11 10:00:00,data\raw\ok\ok_0110.png,ok,0
2023-12-11 10:00:00,data\raw\ok\ok_0111.png,ok,0
2023-12-11 10:00:00,data\raw\ok\ok_0112.png,ok,0
2023-12-11 10:00:00,data\raw\ok\ok_0113.png,ok,0
2023-12-11 10:00:00,data\raw\ok\ok_0114.png,ok,0
2023-12-11 10:00:00,data\raw\ok\ok_0115.png,ok,0
2023-12-11 10:00:00,data\raw\ok\ok_0116.png,ok,0
2023-12-11 10:00:00,data\raw\ok\ok_0117.png,ok,0
2023-12-11 10:00:00,data\raw\ok\ok_0118.png,ok,0
2023-12-11 10:00:00,data\raw\ok\ok_0119.png,ok,0
2023-12-11 10:00:00,data\raw\ok\ok_0120.png,ok,0
2023-12-11 10:00:00,data\raw\ok\ok_0121.png,ok,0
2023-12-11 10:00:00,data\raw\ok\ok_0122.png,ok,0
2023-12-11 10:00:00,data\raw\ok\ok_0123.png,ok,0
2023-12-11 10:00:00,data\raw\ok\ok_0124.png,ok,0
2023-12-11 10:00:00,data\raw\ok\ok_0125.png,ok,0
2023-12-11 10:00:00,data\raw\ok\ok_0126.png,ok,0
2023-12-11 10:00:00,data\raw\ok\ok_0127.png,ok,0
2023-12-11 10:00:00,data\raw\ok\ok_0128.png,ok,0
2023-12-11 10:00:00,data\raw\ok\ok_0129.png,ok,0
2023-12-11 10:00:00,data\raw\ok\ok_0130.png,ok,0
2023-12-11 10:00:00,data\raw\ok\ok_0131.png,ok,0
2023-12-11 10:00:00,data\raw\ok\ok_0132.png,ok,0
2023-12-11 10:00:00,data\raw\ok\ok_0133.png,ok,0
2023-12-11 10:00:00,data\raw\ok\ok_0134.png,ok,0
2023-12-11 10:00:00,data\raw\ok\ok_0135.png,ok,0
2023-12-11 10:00:00,data\raw\ok\ok_0136.png,ok,0
2023-12-11 10:00:00,data\raw\ok\ok_0137.png,ok,0
2023-12-11 10:00:00,data\raw\ok\ok_0138.png,ok,0
2023-12-11 10:00:00,data\raw\ok\ok_0139.png,ok,0
2023-12-11 10:00:00,data\raw\ok\ok_0140.png,ok,0
2023-12-11 10:00:00,data\raw\ok\ok_0141.png,ok,0
2023-12-11 10:00:00,data\raw\ok\ok_0142.png,ok,0
2023-12-11 10:00:00,data\raw\ok\ok_0143.png,ok,0
2023-12-11 10:00:00,data\raw\ok\ok_0144.png,ok,0
2023-12-11 10:00:00,data\raw\ok\ok_0145.png,ok,0
2023-12-11 10:00:00,data\raw\ok\ok_0146.png,ok,0
2023-12-11 10:00:00,data\raw\ok\ok_0147.png,ok,0
2023-12-11 10:00:00,data\raw\ok\ok_0148.png,ok,0
2023-12-11 10:00:00,data\raw\ok\ok_0149.png,ok,0
2023-12-11 10:00:00,data\raw\ok\ok_0150.png,ok,0
2023-12-11 10:00:00,data\raw\ok\ok_0151.png,ok,0
2023-12-11 10:00:00,data\raw\ok\ok_0152.png,ok,0
2023-12-11 10:00:00,data\raw\ok\ok_0153.png,ok,0
2023-12-11 10:00:00,data\raw\ok\ok_0154.png,ok,0
2023-12-11 10:00:00,data\raw\ok\ok_0155.png,ok,0
2023-12-11 10:00:00,data\raw\ok\ok_0156.png,ok,0
2023-12-11 10:00:00,data\raw\ok\ok_0157.png,ok,0
2023-12-11 10:00:00,data\raw\ok\ok_0158.png,ok,0
2023-12-11 10:00:00,data\raw\ok\ok_0159.png,ok,0
2023-12-11 10:00:00,data\raw\ok\ok_0160.png,ok,0
2023-12-11 10:00:00,data\raw\ok\ok_0161.png,ok,0
2023-12-11 10:00:00,data\raw\ok\ok_0162.png,ok,0
2023-12-11 10:00:00,data\raw\ok\ok_0163.png,ok,0
2023-12-11 10:00:00,data\raw\ok\ok_0164.png,ok,0
2023-12-11 10:00:00,data\raw\ok\ok_0165.png,ok,0
2023-12-11 10:00:00,data\raw\ok\ok_0166.png,ok,0
2023-12-11 10:00:00,data\raw\ok\ok_0167.png,ok,0
2023-12-11 10:00:00,data\raw\ok\ok_0168.png,ok,0
2023-12-11 10:00:00,data\raw\ok\ok_0169.png,ok,0
2023-12-11 10:00:00,data\raw\ok\ok_0170.png,ok,0
2023-12-11 10:00:00,data\raw\ok\ok_0171.png,ok,0
2023-12-11 10:00:00,data\raw\ok\ok_0172.png,ok,0
2023-12-11 10:00:00,data\raw\ok\ok_0173.png,ok,0
2023-12-11 10:00:00,data\raw\ok\ok_0174.png,ok,0
2023-12-11 10:00:00,data\raw\ok\ok_0175.png,ok,0
2023-12-11 10:00:00,data\raw\ok\ok_0176.png,ok,0
2023-12-11 10:00:00,data\raw\ok\ok_0177.png,ok,0
2023-12-11 10:00:00,data\raw\ok\ok_0178.png,ok,0
2023-12-11 10:00:00,data\raw\ok\ok_0179.png,ok,0
2023-12-11 10:00:00,data\raw\ok\ok_0180.png,ok,0
2023-12-11 10:00:00,data\raw\ok\ok_0181.png,ok,0
2023-12-11 10:00:00,data\raw\ok\ok_0182.png,ok,0
2023-12-11 10:00:00,data\raw\ok\ok_0183.png,ok,0
2023-12-11 10:00:00,data\raw\ok\ok_0184.png,ok,0
2023-12-11 10:00:00,data\raw\ok\ok_0185.png,ok,0
2023-12-11 10:00:00,data\raw\ok\ok_0186.png,ok,0
2023-12-11 10:00:00,data\raw\ok\ok_0187.png,ok,0
2023-12-11 10:00:00,data\raw\ok\ok_0188.png,ok,0
2023-12-11 10:00:00,data\raw\ok\ok_0189.png,ok,0
2023-12-11 10:00:00,data\raw\ok\ok_0190.png,ok,0
2023-12-11 10:00:00,data\raw\ok\ok_0191.png,ok,0
2023-12-11 10:00:00,data\raw\ok\ok_0192.png,ok,0
2023-12-11 10:00:00,data\raw\ok\ok_0193.png,ok,0
2023-12-11 10:00:00,data\raw\ok\ok_0194.png,ok,0
2023-12-11 10:00:00,data\raw\ok\ok_0195.png,ok,0
2023-12-11 10:00:00,data\raw\ok\ok_0196.png,ok,0
2023-12-11 10:00:00,data\raw\ok\ok_0197.png,ok,0
2023-12-11 10:00:00,data\raw\ok\ok_0198.png,ok,0
2023-12-11 10:00:00,data\raw\ok\ok_0199.png,ok,0
2023-12-11 10:00:00,data\raw\ok\ok_0200.png,ok,0
2023-12-11 10:00:00,data\raw\ok\ok_0201.png,ok,0
2023-12-11 10:00:00,data\raw\ok\ok_0202.png,ok,0
2023-12-11 10:00:00,data\raw\ok\ok_0203.png,ok,0
2023-12-11 10:00:00,data\raw\ok\ok_0204.png,ok,0
2023-12-11 10:00:00,data\raw\ok\ok_0205.png,ok,0
2023-12-11 10:00:00,data\raw\ok\ok_0206.png,ok,0
2023-12-11 10:00:00,data\raw\ok\ok_0207.png,ok,0
2023-12-11 10:00:00,data\raw\ok\ok_0208.png,ok,0
2023-12-11 10:00:00,data\raw\ok\ok_0209.png,ok,0
2023-12-11 10:00:00,data\raw\ok\ok_0210.png,ok,0
2023-12-11 10:00:00,data\raw\ok\ok_0211.png,ok,0
2023-12-11 10:00:00,data\raw\ok\ok_0212.png,ok,0
2023-12-11 10:00:00,data\raw\ok\ok_0213.png,ok,0
2023-12-11 10:00:00,data\raw\ok\ok_0214.png,ok,0
2023-12-11 10:00:00,data\raw\ok\ok_0215.png,ok,0
2023-12-11 10:00:00,data\raw\ok\ok_0216.png,ok,0
2023-12-11 10:00:00,data\raw\ok\ok_0217.png,ok,0
2023-12-11 10:00:00,data\raw\ok\ok_0218.png,ok,0
2023-12-11 10:00:00,data\raw\ok\ok_0219.png,ok,0
2023-12-11 10:00:00,data\raw\ok\ok_0220.png,ok,0
2023-12-11 10:00:00,data\raw\ok\ok_0221.png,ok,0
2023-12-11 10:00:00,data\raw\ok\ok_0222.png,ok,0
2023-12-11 10:00:00,data\raw\ok\ok_0223.png,ok,0
2023-12-11 10:00:00,data\raw\ok\ok_0224.png,ok,0
2023-12-11 10:00:00,data\raw\ok\ok_0225.png,ok,0
2023-12-11 10:00:00,data\raw\ok\ok_0226.png,ok,0
2023-12-11 10:00:00,data\raw\ok\ok_0227.png,ok,0
2023-12-11 10:00:00,data\raw\ok\ok_0228.png,ok,0
2023-12-11 10:00:00,data\raw\ok\ok_0229.png,ok,0
2023-12-11 10:00:00,data\raw\ok\ok_0230.png,ok,0
2023-12-11 10:00:00,data\raw\ok\ok_0231.png,ok,0
2023-12-11 10:00:00,data\raw\ok\ok_0232.png,ok,0
2023-12-11 10:00:00,data\raw\ok\ok_0233.png,ok,0
2023-12-11 10:00:00,data\raw\ok\ok_0234.png,ok,0
2023-12-11 10:00:00,data\raw\ok\ok_0235.png,ok,0
2023-12-11 10:00:00,data\raw\ok\ok_0236.png,ok,0
2023-12-11 10:00:00,data\raw\ok\ok_0237.png,ok,0
2023-12-11 10:00:00,data\raw\ok\ok_0238.png,ok,0
2023-12-11 10:00:00,data\raw\ok\ok_0239.png,ok,0
2023-12-11 10:00:00,data\raw\ok\ok_0240.png,ok,0
2023-12-11 10:00:00,data\raw\ok\ok_0241.png,ok,0
2023-12-11 10:00:00,data\raw\ok\ok_0242.png,ok,0
2023-12-11 10:00:00,data\raw\ok\ok_0243.png,ok,0
2023-12-11 10:00:00,data\raw\ok\ok_0244.png,ok,0
2023-12-11 10:00:00,data\raw\ok\ok_0245.png,ok,0
2023-12-11 10:00:00,data\raw\ok\ok_0246.png,ok,0
2023-12-11 10:00:00,data\raw\ok\ok_0247.png,ok,0
2023-12-11 10:00:00,data\raw\ok\ok_0248.png,ok,0
2023-12-11 10:00:00,data\raw\ok\ok_0249.png,ok,0
2023-12-11 10:00:00,data\raw\ok\ok_0250.png,ok,0
2023-12-11 10:00:00,data\raw\ok\ok_0251.png,ok,0
2023-12-11 10:00:00,data\raw\ok\ok_0252.png,ok,0
2023-12-11 10:00:00,data\raw\ok\ok_0253.png,ok,0
2023-12-11 10:00:00,data\raw\ok\ok_0254.png,ok,0
2023-12-11 10:00:00,data\raw\ok\ok_0255.png,ok,0
2023-12-11 10:00:00,data\raw\ok\ok_0256.png,ok,0
2023-12-11 10:00:00,data\raw\ok\ok_0257.png,ok,0
2023-12-11 10:00:00,data\raw\ok\ok_0258.png,ok,0
2023-12-11 10:00:00,data\raw\ok\ok_0259.png,ok,0
2023-12-11 10:00:00,data\raw\ok\ok_0260.png,ok,0
2023-12-11 10:00:00,data\raw\ok\ok_0261.png,ok,0
2023-12-11 10:00:00,data\raw\ok\ok_0262.png,ok,0
2023-12-11 10:00:00,data\raw\ok\ok_0263.png,ok,0
2023-12-11 10:00:00,data\raw\ok\ok_0264.png,ok,0
2023-12-11 10:00:00,data\raw\ok\ok_0265.png,ok,0
2023-12-11 10:00:00,data\raw\ok\ok_0266.png,ok,0
2023-12-11 10:00:00,data\raw\ok\ok_0267.png,ok,0
2023-12-11 10:00:00,data\raw\ok\ok_0268.png,ok,0
2023-12-11 10:00:00,data\raw\ok\ok_0269.png,ok,0
2023-12-11 10:00:00,data\raw\ok\ok_0270.png,ok,0
2023-12-11 10:00:00,data\raw\ok\ok_0271.png,ok,0
2023-12-11 10:00:00,data\raw\ok\ok_0272.png,ok,0
2023-12-11 10:00:00,data\raw\ok\ok_0273.png,ok,0
2023-12-11 10:00:00,data\raw\ok\ok_0274.png,ok,0
2023-12-11 10:00:00,data\raw\ok\ok_0275.png,ok,0
2023-12-11 10:00:00,data\raw\ok\ok_0276.png,ok,0
2023-12-11 10:00:00,data\raw\ok\ok_0277.png,ok,0
2023-12-11 10:00:00,data\raw\ok\ok_0278.png,ok,0
2023-12-11 10:00:00,data\raw\ok\ok_0279.png,ok,0
2023-12-11 10:00:00,data\raw\ok\ok_0280.png,ok,0
2023-12-11 10:00:00,data\raw\ok\ok_0281.png,ok,0
2023-12-11 10:00:00,data\raw\ok\ok_0282.png,ok,0
2023-12-11 10:00:00,data\raw\ok\ok_0283.png,ok,0
2023-12-11 10:00:00,data\raw\ok\ok_0284.png,ok,0
2023-12-11 10:00:00,data\raw\ok\ok_0285.png,ok,0
2023-12-11 10:00:00,data\raw\ok\ok_0286.png,ok,0
2023-12-11 10:00:00,data\raw\ok\ok_0287.png,ok,0
2023-12-11 10:00:00,data\raw\ok\ok_0288.png,ok,0
2023-12-11 10:00:00,data\raw\ok\ok_0289.png,ok,0
2023-12-11 10:00:00,data\raw\ok\ok_0290.png,ok,0
2023-12-11 10:00:00,data\raw\ok\ok_0291.png,ok,0
2023-12-11 10:00:00,data\raw\ok\ok_0292.png,ok,0
2023-12-11 10:00:00,data\raw\ok\ok_0293.png,ok,0
2023-12-11 10:00:00,data\raw\ok\ok_0294.png,ok,0
2023-12-11 10:00:00,data\raw\ok\ok_0295.png,ok,0
2023-12-11 10:00:00,data\raw\ok\ok_0296.png,ok,0
2023-12-11 10:00:00,data\raw\ok\ok_0297.png,ok,0
2023-12-11 10:00:00,data\raw\ok\ok_0298.png,ok,0
2023-12-11 10:00:00,data\raw\ok\ok_0299.png,ok,0
2023-12-11 10:00:00,data\raw\ok\ok_0300.png,ok,0
2023-12-11 10:00:00,data\raw\ok\ok_0301.png,ok,0
2023-12-11 10:00:00,data\raw\ok\ok_0302.png,ok,0
2023-12-11 10:00:00,data\raw\ok\ok_0303.png,ok,0
2023-12-11 10:00:00,data\raw\ok\ok_0304.png,ok,0
2023-12-11 10:00:00,data\raw\ok\ok_0305.png,ok,0
2023-12-11 10:00:00,data\raw\ok\ok_0306.png,ok,0
2023-12-11 10:00:00,data\raw\ok\ok_0307.png,ok,0
2023-12-11 10:00:00,data\raw\ok\ok_0308.png,ok,0
2023-12-11 10:00:00,data\raw\ok\ok_0309.png,ok,0
2023-12-11 10:00:00,data\raw\ok\ok_0310.png,ok,0
2023-12-11 10:00:00,data\raw\ok\ok_0311.png,ok,0
2023-12-11 10:00:00,data\raw\ok\ok_0312.png,ok,0
2023-12-11 10:00:00,data\raw\ok\ok_0313.png,ok,0
2023-12-11 10:00:00,data\raw\ok\ok_0314.png,ok,0
2023-12-11 10:00:00,data\raw\ok\ok_0315.png,ok,0
2023-12-11 10:00:00,data\raw\ok\ok_0316.png,ok,0
2023-12-11 10:00:00,data\raw\ok\ok_0317.png,ok,0
2023-12-11 10:00:00,data\raw\ok\ok_0318.png,ok,0
2023-12-11 10:00:00,data\raw\ok\ok_0319.png,ok,0
2023-12-11 10:00:00,data\raw\ok\ok_0320.png,ok,0
2023-12-11 10:00:00,data\raw\ok\ok_0321.png,ok,0
2023-12-11 10:00:00,data\raw\ok\ok_0322.png,ok,0
2023-12-11 10:00:00,data\raw\ok\ok_0323.png,ok,0
2023-12-11 10:00:00,data\raw\ok\ok_0324.png,ok,0
2023-12-11 10:00:00,data\raw\ok\ok_0325.png,ok,0
2023-12-11 10:00:00,data\raw\ok\ok_0326.png,ok,0
2023-12-11 10:00:00,data\raw\ok\ok_0327.png,ok,0
2023-12-11 10:00:00,data\raw\ok\ok_0328.png,ok,0
2023-12-11 10:00:00,data\raw\ok\ok_0329.png,ok,0
2023-12-11 10:00:00,data\raw\ok\ok_0330.png,ok,0
2023-12-11 10:00:00,data\raw\ok\ok_0331.png,ok,0
2023-12-11 10:00:00,data\raw\ok\ok_0332.png,ok,0
2023-12-11 10:00:00,data\raw\ok\ok_0333.png,ok,0
2023-12-11 10:00:00,data\raw\ok\ok_0334.png,ok,0
2023-12-11 10:00:00,data\raw\ok\ok_0335.png,ok,0
2023-12-11 10:00:00,data\raw\ok\ok_0336.png,ok,0
2023-12-11 10:00:00,data\raw\ok\ok_0337.png,ok,0
2023-12-11 10:00:00,data\raw\ok\ok_0338.png,ok,0
2023-12-11 10:00:00,data\raw\ok\ok_0339.png,ok,0
2023-12-11 10:00:00,data\raw\ok\ok_0340.png,ok,0
2023-12-11 10:00:00,data\raw\ok\ok_0341.png,ok,0
2023-12-11 10:00:00,data\raw\ok\ok_0342.png,ok,0
2023-12-11 10:00:00,data\raw\ok\ok_0343.png,ok,0
2023-12-11 10:00:00,data\raw\ok\ok_0344.png,ok,0
2023-12-11 10:00:00,data\raw\ok\ok_0345.png,ok,0
2023-12-11 10:00:00,data\raw\ok\ok_0346.png,ok,0
2023-12-11 10:00:00,data\raw\ok\ok_0347.png,ok,0
2023-12-11 10:00:00,data\raw\ok\ok_0348.png,ok,0
2023-12-11 10:00:00,data\raw\ok\ok_0349.png,ok,0
2023-12-11 10:00:00,data\raw\ok\ok_0350.png,ok,0
2023-12-11 10:00:00,data\raw\ok\ok_0351.png,ok,0
2023-12-11 10:00:00,data\raw\ok\ok_0352.png,ok,0
2023-12-11 10:00:00,data\raw\ok\ok_0353.png,ok,0
2023-12-11 10:00:00,data\raw\ok\ok_0354.png,ok,0
2023-12-11 10:00:00,data\raw\ok\ok_0355.png,ok,0
2023-12-11 10:00:00,data\raw\ok\ok_0356.png,ok,0
2023-12-11 10:00:00,data\raw\ok\ok_0357.png,ok,0
2023-12-11 10:00:00,data\raw\ok\ok_0358.png,ok,0
2023-12-11 10:00:00,data\raw\ok\ok_0359.png,ok,0
2023-12-11 10:00:00,data\raw\ok\ok_0360.png,ok,0
2023-12-11 10:00:00,data\raw\ok\ok_0361.png,ok,0
2023-12-11 10:00:00,data\raw\ok\ok_0362.png,ok,0
2023-12-11 10:00:00,data\raw\ok\ok_0363.png,ok,0
2023-12-11 10:00:00,data\raw\ok\ok_0364.png,ok,0
2023-12-11 10:00:00,data\raw\ok\ok_0365.png,ok,0
2023-12-11 10:00:00,data\raw\ok\ok_0366.png,ok,0
2023-12-11 10:00:00,data\raw\ok\ok_0367.png,ok,0
2023-12-11 10:00:00,data\raw\ok\ok_0368.png,ok,0
2023-12-11 10:00:00,data\raw\ok\ok_0369.png,ok,0
2023-12-11 10:00:00,data\raw\ok\ok_0370.png,ok,0
2023-12-11 10:00:00,data\raw\ok\ok_0371.png,ok,0
2023-12-11 10:00:00,data\raw\ok\ok_0372.png,ok,0
2023-12-11 10:00:00,data\raw\ok\ok_0373.png,ok,0
2023-12-11 10:00:00,data\raw\ok\ok_0374.png,ok,0
2023-12-11 10:00:00,data\raw\ok\ok_0375.png,ok,0
2023-12-11 10:00:00,data\raw\ok\ok_0376.png,ok,0
2023-12-11 10:00:00,data\raw\ok\ok_0377.png,ok,0
2023-12-11 10:00:00,data\raw\ok\ok_0378.png,ok,0
2023-12-11 10:00:00,data\raw\ok\ok_0379.png,ok,0
2023-12-11 10:00:00,data\raw\ok\ok_0380.png,ok,0
2023-12-11 10:00:00,data\raw\ok\ok_0381.png,ok,0
2023-12-11 10:00:00,data\raw\ok\ok_0382.png,ok,0
2023-12-11 10:00:00,data\raw\ok\ok_0383.png,ok,0
2023-12-11 10:00:00,data\raw\ok\ok_0384.png,ok,0
2023-12-11 10:00:00,data\raw\ok\ok_0385.png,ok,0
2023-12-11 10:00:00,data\raw\ok\ok_0386.png,ok,0
2023-12-11 10:00:00,data\raw\ok\ok_0387.png,ok,0
2023-12-11 10:00:00,data\raw\ok\ok_0388.png,ok,0
2023-12-11 10:00:00,data\raw\ok\ok_0389.png,ok,0
2023-12-11 10:00:00,data\raw\ok\ok_0390.png,ok,0
2023-12-11 10:00:00,data\raw\ok\ok_0391.png,ok,0
2023-12-11 10:00:00,data\raw\ok\ok_0392.png,ok,0
2023-12-11 10:00:00,data\raw\ok\ok_0393.png,ok,0
2023-12-11 10:00:00,data\raw\ok\ok_0394.png,ok,0
2023-12-11 10:00:00,data\raw\ok\ok_0395.png,ok,0
2023-12-11 10:00:00,data\raw\ok\ok_0396.png,ok,0
2023-12-11 10:00:00,data\raw\ok\ok_0397.png,ok,0
2023-12-11 10:00:00,data\raw\ok\ok_0398.png,ok,0
2023-12-11 10:00:00,data\raw\ok\ok_0399.png,ok,0
2023-12-11 10:00:00,data\raw\ok\ok_0400.png,ok,0
2023-12-11 10:00:00,data\raw\ok\ok_0401.png,ok,0
2023-12-11 10:00:00,data\raw\ok\ok_0402.png,ok,0
2023-12-11 10:00:00,data\raw\ok\ok_0403.png,ok,0
2023-12-11 10:00:00,data\raw\ok\ok_0404.png,ok,0
2023-12-11 10:00:00,data\raw\ok\ok_0405.png,ok,0
2023-12-11 10:00:00,data\raw\ok\ok_0406.png,ok,0
2023-12-11 10:00:00,data\raw\ok\ok_0407.png,ok,0
2023-12-11 10:00:00,data\raw\ok\ok_0408.png,ok,0
2023-12-11 10:00:00,data\raw\ok\ok_0409.png,ok,0
2023-12-11 10:00:00,data\raw\ok\ok_0410.png,ok,0
2023-12-11 10:00:00,data\raw\ok\ok_0411.png,ok,0
2023-12-11 10:00:00,data\raw\ok\ok_0412.png,ok,0
2023-12-11 10:00:00,data\raw\ok\ok_0413.png,ok,0
2023-12-11 10:00:00,data\raw\ok\ok_0414.png,ok,0
2023-12-11 10:00:00,data\raw\ok\ok_0415.png,ok,0
2023-12-11 10:00:00,data\raw\ok\ok_0416.png,ok,0
2023-12-11 10:00:00,data\raw\ok\ok_0417.png,ok,0
2023-12-11 10:00:00,data\raw\ok\ok_0418.png,ok,0
2023-12-11 10:00:00,data\raw\ok\ok_0419.png,ok,0
2023-12-11 10:00:00,data\raw\ok\ok_0420.png,ok,0
2023-12-11 10:00:00,data\raw\ok\ok_0421.png,ok,0
2023-12-11 10:00:00,data\raw\ok\ok_0422.png,ok,0
2023-12-11 10:00:00,data\raw\ok\ok_0423.png,ok,0
2023-12-11 10:00:00,data\raw\ok\ok_0424.png,ok,0
2023-12-11 10:00:00,data\raw\ok\ok_0425.png,ok,0
2023-12-11 10:00:00,data\raw\ok\ok_0426.png,ok,0
2023-12-11 10:00:00,data\raw\ok\ok_0427.png,ok,0
2023-12-11 10:00:00,data\raw\ok\ok_0428.png,ok,0
2023-12-11 10:00:00,data\raw\ok\ok_0429.png,ok,0
2023-12-11 10:00:00,data\raw\ok\ok_0430.png,ok,0
2023-12-11 10:00:00,data\raw\ok\ok_0431.png,ok,0
2023-12-11 10:00:00,data\raw\ok\ok_0432.png,ok,0
2023-12-11 10:00:00,data\raw\ok\ok_0433.png,ok,0
2023-12-11 10:00:00,data\raw\ok\ok_0434.png,ok,0
2023-12-11 10:00:00,data\raw\ok\ok_0435.png,ok,0
2023-12-11 10:00:00,data\raw\ok\ok_0436.png,ok,0
2023-12-11 10:00:00,data\raw\ok\ok_0437.png,ok,0
2023-12-11 10:00:00,data\raw\ok\ok_0438.png,ok,0
2023-12-11 10:00:00,data\raw\ok\ok_0439.png,ok,0
2023-12-11 10:00:00,data\raw\ok\ok_0440.png,ok,0
2023-12-11 10:00:00,data\raw\ok\ok_0441.png,ok,0
2023-12-11 10:00:00,data\raw\ok\ok_0442.png,ok,0
2023-12-11 10:00:00,data\raw\ok\ok_0443.png,ok,0
2023-12-11 10:00:00,data\raw\ok\ok_0444.png,ok,0
2023-12-11 10:00:00,data\raw\ok\ok_0445.png,ok,0
2023-12-11 10:00:00,data\raw\ok\ok_0446.png,ok,0
2023-12-11 10:00:00,data\raw\ok\ok_0447.png,ok,0
2023-12-11 10:00:00,data\raw\ok\ok_0448.png,ok,0
2023-12-11 10:00:00,data\raw\ok\ok_0449.png,ok,0
2023-12-11 10:00:00,data\raw\ok\ok_0450.png,ok,0
2023-12-11 10:00:00,data\raw\ok\ok_0451.png,ok,0
2023-12-11 10:00:00,data\raw\ok\ok_0452.png,ok,0
2023-12-11 10:00:00,data\raw\ok\ok_0453.png,ok,0
2023-12-11 10:00:00,data\raw\ok\ok_0454.png,ok,0
2023-12-11 10:00:00,data\raw\ok\ok_0455.png,ok,0
2023-12-11 10:00:00,data\raw\ok\ok_0456.png,ok,0
2023-12-11 10:00:00,data\raw\ok\ok_0457.png,ok,0
2023-12-11 10:00:00,data\raw\ok\ok_0458.png,ok,0
2023-12-11 10:00:00,data\raw\ok\ok_0459.png,ok,0
2023-12-11 10:00:00,data\raw\ok\ok_0460.png,ok,0
2023-12-11 10:00:00,data\raw\ok\ok_0461.png,ok,0
2023-12-11 10:00:00,data\raw\ok\ok_0462.png,ok,0
2023-12-11 10:00:00,data\raw\ok\ok_0463.png,ok,0
2023-12-11 10:00:00,data\raw\ok\ok_0464.png,ok,0
2023-12-11 10:00:00,data\raw\ok\ok_0465.png,ok,0
2023-12-11 10:00:00,data\raw\ok\ok_0466.png,ok,0
2023-12-11 10:00:00,data\raw\ok\ok_0467.png,ok,0
2023-12-11 10:00:00,data\raw\ok\ok_0468.png,ok,0
2023-12-11 10:00:00,data\raw\ok\ok_0469.png,ok,0
2023-12-11 10:00:00,data\raw\ok\ok_0470.png,ok,0
2023-12-11 10:00:00,data\raw\ok\ok_0471.png,ok,0
2023-12-11 10:00:00,data\raw\ok\ok_0472.png,ok,0
2023-12-11 10:00:00,data\raw\ok\ok_0473.png,ok,0
2023-12-11 10:00:00,data\raw\ok\ok_0474.png,ok,0
2023-12-11 10:00:00,data\raw\ok\ok_0475.png,ok,0
2023-12-11 10:00:00,data\raw\ok\ok_0476.png,ok,0
2023-12-11 10:00:00,data\raw\ok\ok_0477.png,ok,0
2023-12-11 10:00:00,data\raw\ok\ok_0478.png,ok,0
2023-12-11 10:00:00,data\raw\ok\ok_0479.png,ok,0
2023-12-11 10:00:00,data\raw\ok\ok_0480.png,ok,0
2023-12-11 10:00:00,data\raw\ok\ok_0481.png,ok,0
2023-12-11 10:00:00,data\raw\ok\ok_0482.png,ok,0
2023-12-11 10:00:00,data\raw\ok\ok_0483.png,ok,0
2023-12-11 10:00:00,data\raw\ok\ok_0484.png,ok,0
2023-12-11 10:00:00,data\raw\ok\ok_0485.png,ok,0
2023-12-11 10:00:00,data\raw\ok\ok_0486.png,ok,0
2023-12-11 10:00:00,data\raw\ok\ok_0487.png,ok,0
2023-12-11 10:00:00,data\raw\ok\ok_0488.png,ok,0
2023-12-11 10:00:00,data\raw\ok\ok_0489.png,ok,0
2023-12-11 10:00:00,data\raw\ok\ok_0490.png,ok,0
2023-12-11 10:00:00,data\raw\ok\ok_0491.png,ok,0
2023-12-11 10:00:00,data\raw\ok\ok_0492.png,ok,0
2023-12-11 10:00:00,data\raw\ok\ok_0493.png,ok,0
2023-12-11 10:00:00,data\raw\ok\ok_0494.png,ok,0
2023-12-11 10:00:00,data\raw\ok\ok_0495.png,ok,0
2023-12-11 10:00:00,data\raw\ok\ok_0496.png,ok,0
2023-12-11 10:00:00,data\raw\ok\ok_0497.png,ok,0
2023-12-11 10:00:00,data\raw\ok\ok_0498.png,ok,0
2023-12-11 10:00:00,data\raw\ok\ok_0499.png,ok,0
2023-12-11 10:00:00,data\raw\ok\ok_0500.png,ok,0
2023-12-11 10:00:00,data\raw\ok\ok_0501.png,ok,0
2023-12-11 10:00:00,data\raw\ok\ok_0502.png,ok,0
2023-12-11 10:00:00,data\raw\ok\ok_0503.png,ok,0
2023-12-11 10:00:00,data\raw\ok\ok_0504.png,ok,0
2023-12-11 10:00:00,data\raw\ok\ok_0505.png,ok,0
2023-12-11 10:00:00,data\raw\ok\ok_0506.png,ok,0
2023-12-11 10:00:00,data\raw\ok\ok_0507.png,ok,0
2023-12-11 10:00:00,data\raw\ok\ok_0508.png,ok,0
2023-12-11 10:00:00,data\raw\ok\ok_0509.png,ok,0
2023-12-11 10:00:00,data\raw\ok\ok_0510.png,ok,0
2023-12-11 10:00:00,data\raw\ok\ok_0511.png,ok,0
2023-12-11 10:00:00,data\raw\ok\ok_0512.png,ok,0
2023-12-11 10:00:00,data\raw\ok\ok_0513.png,ok,0
2023-12-11 10:00:00,data\raw\ok\ok_0514.png,ok,0
2023-12-11 10:00:00,data\raw\ok\ok_0515.png,ok,0
2023-12-11 10:00:00,data\raw\ok\ok_0516.png,ok,0
2023-12-11 10:00:00,data\raw\ok\ok_0517.png,ok,0
2023-12-11 10:00:00,data\raw\ok\ok_0518.png,ok,0
2023-12-11 10:00:00,data\raw\ok\ok_0519.png,ok,0
2023-12-11 10:00:00,data\raw\ok\ok_0520.png,ok,0
2023-12-11 10:00:00,data\raw\ok\ok_0521.png,ok,0
2023-12-11 10:00:00,data\raw\ok\ok_0522.png,ok,0
2023-12-11 10:00:00,data\raw\ok\ok_0523.png,ok,0
2023-12-11 10:00:00,data\raw\ok\ok_0524.png,ok,0
2023-12-11 10:00:00,data\raw\ok\ok_0525.png,ok,0
2023-12-11 10:00:00,data\raw\ok\ok_0526.png,ok,0
2023-12-11 10:00:00,data\raw\ok\ok_0527.png,ok,0
2023-12-11 10:00:00,data\raw\ok\ok_0528.png,ok,0
2023-12-11 10:00:00,data\raw\ok\ok_0529.png,ok,0
2023-12-11 10:00:00,data\raw\ok\ok_0530.png,ok,0
2023-12-11 10:00:00,data\raw\ok\ok_0531.png,ok,0
2023-12-11 10:00:00,data\raw\ok\ok_0532.png,ok,0
2023-12-11 10:00:00,data\raw\ok\ok_0533.png,ok,0
2023-12-11 10:00:00,data\raw\ok\ok_0534.png,ok,0
2023-12-11 10:00:00,data\raw\ok\ok_0535.png,ok,0
2023-12-11 10:00:00,data\raw\ok\ok_0536.png,ok,0
2023-12-11 10:00:00,data\raw\ok\ok_0537.png,ok,0
2023-12-11 10:00:00,data\raw\ok\ok_0538.png,ok,0
2023-12-11 10:00:00,data\raw\ok\ok_0539.png,ok,0
2023-12-11 10:00:00,data\raw\ok\ok_0540.png,ok,0
2023-12-11 10:00:00,data\raw\ok\ok_0541.png,ok,0
2023-12-11 10:00:00,data\raw\ok\ok_0542.png,ok,0
2023-12-11 10:00:00,data\raw\ok\ok_0543.png,ok,0
2023-12-11 10:00:00,data\raw\ok\ok_0544.png,ok,0
2023-12-11 10:00:00,data\raw\ok\ok_0545.png,ok,0
2023-12-11 10:00:00,data\raw\ok\ok_0546.png,ok,0
2023-12-11 10:00:00,data\raw\ok\ok_0547.png,ok,0
2023-12-11 10:00:00,data\raw\ok\ok_0548.png,ok,0
2023-12-11 10:00:00,data\raw\ok\ok_0549.png,ok,0
2023-12-11 10:00:00,data\raw\ok\ok_0550.png,ok,0
2023-12-11 10:00:00,data\raw\ok\ok_0551.png,ok,0
2023-12-11 10:00:00,data\raw\ok\ok_0552.png,ok,0
2023-12-11 10:00:00,data\raw\ok\ok_0553.png,ok,0
2023-12-11 10:00:00,data\raw\ok\ok_0554.png,ok,0
2023-12-11 10:00:00,data\raw\ok\ok_0555.png,ok,0
2023-12-11 10:00:00,data\raw\ok\ok_0556.png,ok,0
2023-12-11 10:00:00,data\raw\ok\ok_0557.png,ok,0
2023-12-11 10:00:00,data\raw\ok\ok_0558.png,ok,0
2023-12-11 10:00:00,data\raw\ok\ok_0559.png,ok,0
2023-12-11 10:00:00,data\raw\ok\ok_0560.png,ok,0
2023-12-11 10:00:00,data\raw\ok\ok_0561.png,ok,0
2023-12-11 10:00:00,data\raw\ok\ok_0562.png,ok,0
2023-12-11 10:00:00,data\raw\ok\ok_0563.png,ok,0
2023-12-11 10:00:00,data\raw\ok\ok_0564.png,ok,0
2023-12-11 10:00:00,data\raw\ok\ok_0565.png,ok,0
2023-12-11 10:00:00,data\raw\ok\ok_0566.png,ok,0
2023-12-11 10:00:00,data\raw\ok\ok_0567.png,ok,0
2023-12-11 10:00:00,data\raw\ok\ok_0568.png,ok,0
2023-12-11 10:00:00,data\raw\ok\ok_0569.png,ok,0
2023-12-11 10:00:00,data\raw\ok\ok_0570.png,ok,0
2023-12-11 10:00:00,data\raw\ok\ok_0571.png,ok,0
2023-12-11 10:00:00,data\raw\ok\ok_0572.png,ok,0
2023-12-11 10:00:00,data\raw\ok\ok_0573.png,ok,0
2023-12-11 10:00:00,data\raw\ok\ok_0574.png,ok,0
2023-12-11 10:00:00,data\raw\ok\ok_0575.png,ok,0
2023-12-11 10:00:00,data\raw\ok\ok_0576.png,ok,0
2023-12-11 10:00:00,data\raw\ok\ok_0577.png,ok,0
2023-12-11 10:00:00,data\raw\ok\ok_0578.png,ok,0
2023-12-11 10:00:00,data\raw\ok\ok_0579.png,ok,0
2023-12-11 10:00:00,data\raw\ok\ok_0580.png,ok,0
2023-12-11 10:00:00,data\raw\ok\ok_0581.png,ok,0
2023-12-11 10:00:00,data\raw\ok\ok_0582.png,ok,0
2023-12-11 10:00:00,data\raw\ok\ok_0583.png,ok,0
2023-12-11 10:00:00,data\raw\ok\ok_0584.png,ok,0
2023-12-11 10:00:00,data\raw\ok\ok_0585.png,ok,0
2023-12-11 10:00:00,data\raw\ok\ok_0586.png,ok,0
2023-12-11 10:00:00,data\raw\ok\ok_0587.png,ok,0
2023-12-11 10:00:00,data\raw\ok\ok_0588.png,ok,0
2023-12-11 10:00:00,data\raw\ok\ok_0589.png,ok,0
2023-12-11 10:00:00,data\raw\ok\ok_0590.png,ok,0
2023-12-11 10:00:00,data\raw\ok\ok_0591.png,ok,0
2023-12-11 10:00:00,data\raw\ok\ok_0592.png,ok,0
2023-12-11 10:00:00,data\raw\ok\ok_0593.png,ok,0
2023-12-11 10:00:00,data\raw\ok\ok_0594.png,ok,0
2023-12-11 10:00:00,data\raw\ok\ok_0595.png,ok,0
2023-12-11 10:00:00,data\raw\ok\ok_0596.png,ok,0
2023-12-11 10:00:00,data\raw\ok\ok_0597.png,ok,0
2023-12-11 10:00:00,data\raw\ok\ok_0598.png,ok,0
2023-12-11 10:00:00,data\raw\ok\ok_0599.png,ok,0
2023-12-11 10:00:00,data\raw\ok\ok_0600.png,ok,0
2023-12-11 10:00:00,data\raw\ok\ok_0601.png,ok,0
2023-12-11 10:00:00,data\raw\ok\ok_0602.png,ok,0
2023-12-11 10:00:00,data\raw\ok\ok_0603.png,ok,0
2023-12-11 10:00:00,data\raw\ok\ok_0604.png,ok,0
2023-12-11 10:00:00,data\raw\ok\ok_0605.png,ok,0
2023-12-11 10:00:00,data\raw\ok\ok_0606.png,ok,0
2023-12-11 10:00:00,data\raw\ok\ok_0607.png,ok,0
2023-12-11 10:00:00,data\raw\ok\ok_0608.png,ok,0
2023-12-11 10:00:00,data\raw\ok\ok_0609.png,ok,0
2023-12-11 10:00:00,data\raw\ok\ok_0610.png,ok,0
2023-12-11 10:00:00,data\raw\ok\ok_0611.png,ok,0
2023-12-11 10:00:00,data\raw\ok\ok_0612.png,ok,0
2023-12-11 10:00:00,data\raw\ok\ok_0613.png,ok,0
2023-12-11 10:00:00,data\raw\ok\ok_0614.png,ok,0
2023-12-11 10:00:00,data\raw\ok\ok_0615.png,ok,0
2023-12-11 10:00:00,data\raw\ok\ok_0616.png,ok,0
2023-12-11 10:00:00,data\raw\ok\ok_0617.png,ok,0
2023-12-11 10:00:00,data\raw\ok\ok_0618.png,ok,0
2023-12-11 10:00:00,data\raw\ok\ok_0619.png,ok,0
2023-12-11 10:00:00,data\raw\ok\ok_0620.png,ok,0
2023-12-11 10:00:00,data\raw\ok\ok_0621.png,ok,0
2023-12-11 10:00:00,data\raw\ok\ok_0622.png,ok,0
2023-12-11 10:00:00,data\raw\ok\ok_0623.png,ok,0
2023-12-11 10:00:00,data\raw\ok\ok_0624.png,ok,0
2023-12-11 10:00:00,data\raw\ok\ok_0625.png,ok,0
2023-12-11 10:00:00,data\raw\ok\ok_0626.png,ok,0
2023-12-11 10:00:00,data\raw\ok\ok_0627.png,ok,0
2023-12-11 10:00:00,data\raw\ok\ok_0628.png,ok,0
2023-12-11 10:00:00,data\raw\ok\ok_0629.png,ok,0
2023-12-11 10:00:00,data\raw\ok\ok_0630.png,ok,0
2023-12-11 10:00:00,data\raw\ok\ok_0631.png,ok,0
2023-12-11 10:00:00,data\raw\ok\ok_0632.png,ok,0
2023-12-11 10:00:00,data\raw\ok\ok_0633.png,ok,0
2023-12-11 10:00:00,data\raw\ok\ok_0634.png,ok,0
2023-12-11 10:00:00,data\raw\ok\ok_0635.png,ok,0
2023-12-11 10:00:00,data\raw\ok\ok_0636.png,ok,0
2023-12-11 10:00:00,data\raw\ok\ok_0637.png,ok,0
2023-12-11 10:00:00,data\raw\ok\ok_0638.png,ok,0
2023-12-11 10:00:00,data\raw\ok\ok_0639.png,ok,0
2023-12-11 10:00:00,data\raw\ok\ok_0640.png,ok,0
2023-12-11 10:00:00,data\raw\ok\ok_0641.png,ok,0
2023-12-11 10:00:00,data\raw\ok\ok_0642.png,ok,0
2023-12-11 10:00:00,data\raw\ok\ok_0643.png,ok,0
2023-12-11 10:00:00,data\raw\ok\ok_0644.png,ok,0
2023-12-11 10:00:00,data\raw\ok\ok_0645.png,ok,0
2023-12-11 10:00:00,data\raw\ok\ok_0646.png,ok,0
2023-12-11 10:00:00,data\raw\ok\ok_0647.png,ok,0
2023-12-11 10:00:00,data\raw\ok\ok_0648.png,ok,0
2023-12-11 10:00:00,data\raw\ok\ok_0649.png,ok,0
2023-12-11 10:00:00,data\raw\ok\ok_0650.png,ok,0
2023-12-11 10:00:00,data\raw\ok\ok_0651.png,ok,0
2023-12-11 10:00:00,data\raw\ok\ok_0652.png,ok,0
2023-12-11 10:00:00,data\raw\ok\ok_0653.png,ok,0
2023-12-11 10:00:00,data\raw\ok\ok_0654.png,ok,0
2023-12-11 10:00:00,data\raw\ok\ok_0655.png,ok,0
2023-12-11 10:00:00,data\raw\ok\ok_0656.png,ok,0
2023-12-11 10:00:00,data\raw\ok\ok_0657.png,ok,0
2023-12-11 10:00:00,data\raw\ok\ok_0658.png,ok,0
2023-12-11 10:00:00,data\raw\ok\ok_0659.png,ok,0
2023-12-11 10:00:00,data\raw\ok\ok_0660.png,ok,0
2023-12-11 10:00:00,data\raw\ok\ok_0661.png,ok,0
2023-12-11 10:00:00,data\raw\ok\ok_0662.png,ok,0
2023-12-11 10:00:00,data\raw\ok\ok_0663.png,ok,0
2023-12-11 10:00:00,data\raw\ok\ok_0664.png,ok,0
2023-12-11 10:00:00,data\raw\ok\ok_0665.png,ok,0
2023-12-11 10:00:00,data\raw\ok\ok_0666.png,ok,0
2023-12-11 10:00:00,data\raw\ok\ok_0667.png,ok,0
2023-12-11 10:00:00,data\raw\ok\ok_0668.png,ok,0
2023-12-11 10:00:00,data\raw\ok\ok_0669.png,ok,0
2023-12-11 10:00:00,data\raw\ok\ok_0670.png,ok,0
2023-12-11 10:00:00,data\raw\ok\ok_0671.png,ok,0
2023-12-11 10:00:00,data\raw\ok\ok_0672.png,ok,0
2023-12-11 10:00:00,data\raw\ok\ok_0673.png,ok,0
2023-12-11 10:00:00,data\raw\ok\ok_0674.png,ok,0
2023-12-11 10:00:00,data\raw\ok\ok_0675.png,ok,0
2023-12-11 10:00:00,data\raw\ok\ok_0676.png,ok,0
2023-12-11 10:00:00,data\raw\ok\ok_0677.png,ok,0
2023-12-11 10:00:00,data\raw\ok\ok_0678.png,ok,0
2023-12-11 10:00:00,data\raw\ok\ok_0679.png,ok,0
2023-12-11 10:00:00,data\raw\ok\ok_0680.png,ok,0
2023-12-11 10:00:00,data\raw\ok\ok_0681.png,ok,0
2023-12-11 10:00:00,data\raw\ok\ok_0682.png,ok,0
2023-12-11 10:00:00,data\raw\ok\ok_0683.png,ok,0
2023-12-11 10:00:00,data\raw\ok\ok_0684.png,ok,0
2023-12-11 10:00:00,data\raw\ok\ok_0685.png,ok,0
2023-12-11 10:00:00,data\raw\ok\ok_0686.png,ok,0
2023-12-11 10:00:00,data\raw\ok\ok_0687.png,ok,0
2023-12-11 10:00:00,data\raw\ok\ok_0688.png,ok,0
2023-12-11 10:00:00,data\raw\ok\ok_0689.png,ok,0
2023-12-11 10:00:00,data\raw\ok\ok_0690.png,ok,0
2023-12-11 10:00:00,data\raw\ok\ok_0691.png,ok,0
2023-12-11 10:00:00,data\raw\ok\ok_0692.png,ok,0
2023-12-11 10:00:00,data\raw\ok\ok_0693.png,ok,0
2023-12-11 10:00:00,data\raw\ok\ok_0694.png,ok,0
2023-12-11 10:00:00,data\raw\ok\ok_0695.png,ok,0
2023-12-11 10:00:00,data\raw\ok\ok_0696.png,ok,0
2023-12-11 10:00:00,data\raw\ok\ok_0697.png,ok,0
2023-12-11 10:00:00,data\raw\ok\ok_0698.png,ok,0
2023-12-11 10:00:00,data\raw\ok\ok_0699.png,ok,0
2023-12-11 10:00:00,data\raw\ok\ok_0700.png,ok,0
2023-12-11 10:00:00,data\raw\ok\ok_0701.png,ok,0
2023-12-11 10:00:00,data\raw\ok\ok_0702.png,ok,0
2023-12-11 10:00:00,data\raw\ok\ok_0703.png,ok,0
2023-12-11 10:00:00,data\raw\ok\ok_0704.png,ok,0
2023-12-11 10:00:00,data\raw\ok\ok_0705.png,ok,0
2023-12-11 10:00:00,data\raw\ok\ok_0706.png,ok,0
2023-12-11 10:00:00,data\raw\ok\ok_0707.png,ok,0
2023-12-11 10:00:00,data\raw\ok\ok_0708.png,ok,0
2023-12-11 10:00:00,data\raw\ok\ok_0709.png,ok,0
2023-12-11 10:00:00,data\raw\ok\ok_0710.png,ok,0
2023-12-11 10:00:00,data\raw\ok\ok_0711.png,ok,0
2023-12-11 10:00:00,data\raw\ok\ok_0712.png,ok,0
2023-12-11 10:00:00,data\raw\ok\ok_0713.png,ok,0
2023-12-11 10:00:00,data\raw\ok\ok_0714.png,ok,0
2023-12-11 10:00:00,data\raw\ok\ok_0715.png,ok,0
2023-12-11 10:00:00,data\raw\ok\ok_0716.png,ok,0
2023-12-11 10:00:00,data\raw\ok\ok_0717.png,ok,0
2023-12-11 10:00:00,data\raw\ok\ok_0718.png,ok,0
2023-12-11 10:00:00,data\raw\ok\ok_0719.png,ok,0
2023-12-11 10:00:00,data\raw\ok\ok_0720.png,ok,0
2023-12-11 10:00:00,data\raw\ok\ok_0721.png,ok,0
2023-12-11 10:00:00,data\raw\ok\ok_0722.png,ok,0
2023-12-11 10:00:00,data\raw\ok\ok_0723.png,ok,0
2023-12-11 10:00:00,data\raw\ok\ok_0724.png,ok,0
2023-12-11 10:00:00,data\raw\ok\ok_0725.png,ok,0
2023-12-11 10:00:00,data\raw\ok\ok_0726.png,ok,0
2023-12-11 10:00:00,data\raw\ok\ok_0727.png,ok,0
2023-12-11 10:00:00,data\raw\ok\ok_0728.png,ok,0
2023-12-11 10:00:00,data\raw\ok\ok_0729.png,ok,0
2023-12-11 10:00:00,data\raw\ok\ok_0730.png,ok,0
2023-12-11 10:00:00,data\raw\ok\ok_0731.png,ok,0
2023-12-11 10:00:00,data\raw\ok\ok_0732.png,ok,0
2023-12-11 10:00:00,data\raw\ok\ok_0733.png,ok,0
2023-12-11 10:00:00,data\raw\ok\ok_0734.png,ok,0
2023-12-11 10:00:00,data\raw\ok\ok_0735.png,ok,0
2023-12-11 10:00:00,data\raw\ok\ok_0736.png,ok,0
2023-12-11 10:00:00,data\raw\ok\ok_0737.png,ok,0
2023-12-11 10:00:00,data\raw\ok\ok_0738.png,ok,0
2023-12-11 10:00:00,data\raw\ok\ok_0739.png,ok,0
2023-12-11 10:00:00,data\raw\ok\ok_0740.png,ok,0
2023-12-11 10:00:00,data\raw\ok\ok_0741.png,ok,0
2023-12-11 10:00:00,data\raw\ok\ok_0742.png,ok,0
2023-12-11 10:00:00,data\raw\ok\ok_0743.png,ok,0
2023-12-11 10:00:00,data\raw\ok\ok_0744.png,ok,0
2023-12-11 10:00:00,data\raw\ok\ok_0745.png,ok,0
2023-12-11 10:00:00,data\raw\ok\ok_0746.png,ok,0
2023-12-11 10:00:00,data\raw\ok\ok_0747.png,ok,0
2023-12-11 10:00:00,data\raw\ok\ok_0748.png,ok,0
2023-12-11 10:00:00,data\raw\ok\ok_0749.png,ok,0
2023-12-11 10:00:00,data\raw\ok\ok_0750.png,ok,0
2023-12-11 10:00:00,data\raw\ok\ok_0751.png,ok,0
2023-12-11 10:00:00,data\raw\ok\ok_0752.png,ok,0
2023-12-11 10:00:00,data\raw\ok\ok_0753.png,ok,0
2023-12-11 10:00:00,data\raw\ok\ok_0754.png,ok,0
2023-12-11 10:00:00,data\raw\ok\ok_0755.png,ok,0
2023-12-11 10:00:00,data\raw\ok\ok_0756.png,ok,0
2023-12-11 10:00:00,data\raw\ok\ok_0757.png,ok,0
2023-12-11 10:00:00,data\raw\ok\ok_0758.png,ok,0
2023-12-11 10:00:00,data\raw\ok\ok_0759.png,ok,0
2023-12-11 10:00:00,data\raw\ok\ok_0760.png,ok,0
2023-12-11 10:00:00,data\raw\ok\ok_0761.png,ok,0
2023-12-11 10:00:00,data\raw\ok\ok_0762.png,ok,0
2023-12-11 10:00:00,data\raw\ok\ok_0763.png,ok,0
2023-12-11 10:00:00,data\raw\ok\ok_0764.png,ok,0
2023-12-11 10:00:00,data\raw\ok\ok_0765.png,ok,0
2023-12-11 10:00:00,data\raw\ok\ok_0766.png,ok,0
2023-12-11 10:00:00,data\raw\ok\ok_0767.png,ok,0
2023-12-11 10:00:00,data\raw\ok\ok_0768.png,ok,0
2023-12-11 10:00:00,data\raw\ok\ok_0769.png,ok,0
2023-12-11 10:00:00,data\raw\ok\ok_0770.png,ok,0
2023-12-11 10:00:00,data\raw\ok\ok_0771.png,ok,0
2023-12-11 10:00:00,data\raw\ok\ok_0772.png,ok,0
2023-12-11 10:00:00,data\raw\ok\ok_0773.png,ok,0
2023-12-11 10:00:00,data\raw\ok\ok_0774.png,ok,0
2023-12-11 10:00:00,data\raw\ok\ok_0775.png,ok,0
2023-12-11 10:00:00,data\raw\ok\ok_0776.png,ok,0
2023-12-11 10:00:00,data\raw\ok\ok_0777.png,ok,0
2023-12-11 10:00:00,data\raw\ok\ok_0778.png,ok,0
2023-12-11 10:00:00,data\raw\ok\ok_0779.png,ok,0
2023-12-11 10:00:00,data\raw\ok\ok_0780.png,ok,0
2023-12-11 10:00:00,data\raw\ok\ok_0781.png,ok,0
2023-12-11 10:00:00,data\raw\ok\ok_0782.png,ok,0
2023-12-11 10:00:00,data\raw\ok\ok_0783.png,ok,0
2023-12-11 10:00:00,data\raw\ok\ok_0784.png,ok,0
2023-12-11 10:00:00,data\raw\ok\ok_0785.png,ok,0
2023-12-11 10:00:00,data\raw\ok\ok_0786.png,ok,0
2023-12-11 10:00:00,data\raw\ok\ok_0787.png,ok,0
2023-12-11 10:00:00,data\raw\ok\ok_0788.png,ok,0
2023-12-11 10:00:00,data\raw\ok\ok_0789.png,ok,0
2023-12-11 10:00:00,data\raw\ok\ok_0790.png,ok,0
2023-12-11 10:00:00,data\raw\ok\ok_0791.png,ok,0
2023-12-11 10:00:00,data\raw\ok\ok_0792.png,ok,0
2023-12-11 10:00:00,data\raw\ok\ok_0793.png,ok,0
2023-12-11 10:00:00,data\raw\ok\ok_0794.png,ok,0
2023-12-11 10:00:00,data\raw\ok\ok_0795.png,ok,0
2023-12-11 10:00:00,data\raw\ok\ok_0796.png,ok,0
2023-12-11 10:00:00,data\raw\ok\ok_0797.png,ok,0
2023-12-11 10:00:00,data\raw\ok\ok_0798.png,ok,0
2023-12-11 10:00:00,data\raw\ok\ok_0799.png,ok,0
2023-12-11 10:00:00,data\raw\ok\ok_0800.png,ok,0
2023-12-11 10:00:00,data\raw\ok\ok_0801.png,ok,0
2023-12-11 10:00:00,data\raw\ok\ok_0802.png,ok,0
2023-12-11 10:00:00,data\raw\ok\ok_0803.png,ok,0
2023-12-11 10:00:00,data\raw\ok\ok_0804.png,ok,0
2023-12-11 10:00:00,data\raw\ok\ok_0805.png,ok,0
2023-12-11 10:00:00,data\raw\ok\ok_0806.png,ok,0
2023-12-11 10:00:00,data\raw\ok\ok_0807.png,ok,0
2023-12-11 10:00:00,data\raw\ok\ok_0808.png,ok,0
2023-12-11 10:00:00,data\raw\ok\ok_0809.png,ok,0
2023-12-11 10:00:00,data\raw\ok\ok_0810.png,ok,0
2023-12-11 10:00:00,data\raw\ok\ok_0811.png,ok,0
2023-12-11 10:00:00,data\raw\ok\ok_0812.png,ok,0
2023-12-11 10:00:00,data\raw\ok\ok_0813.png,ok,0
2023-12-11 10:00:00,data\raw\ok\ok_0814.png,ok,0
2023-12-11 10:00:00,data\raw\ok\ok_0815.png,ok,0
2023-12-11 10:00:00,data\raw\ok\ok_0816.png,ok,0
2023-12-11 10:00:00,data\raw\ok\ok_0817.png,ok,0
2023-12-11 10:00:00,data\raw\ok\ok_0818.png,ok,0
2023-12-11 10:00:00,data\raw\ok\ok_0819.png,ok,0
2023-12-11 10:00:00,data\raw\ok\ok_0820.png,ok,0
2023-12-11 10:00:00,data\raw\ok\ok_0821.png,ok,0
2023-12-11 10:00:00,data\raw\ok\ok_0822.png,ok,0
2023-12-11 10:00:00,data\raw\ok\ok_0823.png,ok,0
2023-12-11 10:00:00,data\raw\ok\ok_0824.png,ok,0
2023-12-11 10:00:00,data\raw\ok\ok_0825.png,ok,0
2023-12-11 10:00:00,data\raw\ok\ok_0826.png,ok,0
2023-12-11 10:00:00,data\raw\ok\ok_0827.png,ok,0
2023-12-11 10:00:00,data\raw\ok\ok_0828.png,ok,0
2023-12-11 10:00:00,data\raw\ok\ok_0829.png,ok,0
2023-12-11 10:00:00,data\raw\ok\ok_0830.png,ok,0
2023-12-11 10:00:00,data\raw\ok\ok_0831.png,ok,0
2023-12-11 10:00:00,data\raw\ok\ok_0832.png,ok,0
2023-12-11 10:00:00,data\raw\ok\ok_0833.png,ok,0
2023-12-11 10:00:00,data\raw\ok\ok_0834.png,ok,0
2023-12-11 10:00:00,data\raw\ok\ok_0835.png,ok,0
2023-12-11 10:00:00,data\raw\ok\ok_0836.png,ok,0
2023-12-11 10:00:00,data\raw\ok\ok_0837.png,ok,0
2023-12-11 10:00:00,data\raw\ok\ok_0838.png,ok,0
2023-12-11 10:00:00,data\raw\ok\ok_0839.png,ok,0
2023-12-11 10:00:00,data\raw\ok\ok_0840.png,ok,0
2023-12-11 10:00:00,data\raw\ok\ok_0841.png,ok,0
2023-12-11 10:00:00,data\raw\ok\ok_0842.png,ok,0
2023-12-11 10:00:00,data\raw\ok\ok_0843.png,ok,0
2023-12-11 10:00:00,data\raw\ok\ok_0844.png,ok,0
2023-12-11 10:00:00,data\raw\ok\ok_0845.png,ok,0
2023-12-11 10:00:00,data\raw\ok\ok_0846.png,ok,0
2023-12-11 10:00:00,data\raw\ok\ok_0847.png,ok,0
2023-12-11 10:00:00,data\raw\ok\ok_0848.png,ok,0
2023-12-11 10:00:00,data\raw\ok\ok_0849.png,ok,0
2023-12-11 10:00:00,data\raw\ok\ok_0850.png,ok,0
2023-12-11 10:00:00,data\raw\ok\ok_0851.png,ok,0
2023-12-11 10:00:00,data\raw\ok\ok_0852.png,ok,0
2023-12-11 10:00:00,data\raw\ok\ok_0853.png,ok,0
2023-12-11 10:00:00,data\raw\ok\ok_0854.png,ok,0
2023-12-11 10:00:00,data\raw\ok\ok_0855.png,ok,0
2023-12-11 10:00:00,data\raw\ok\ok_0856.png,ok,0
2023-12-11 10:00:00,data\raw\ok\ok_0857.png,ok,0
2023-12-11 10:00:00,data\raw\ok\ok_0858.png,ok,0
2023-12-11 10:00:00,data\raw\ok\ok_0859.png,ok,0
2023-12-11 10:00:00,data\raw\ok\ok_0860.png,ok,0
2023-12-11 10:00:00,data\raw\ok\ok_0861.png,ok,0
2023-12-11 10:00:00,data\raw\ok\ok_0862.png,ok,0
2023-12-11 10:00:00,data\raw\ok\ok_0863.png,ok,0
2023-12-11 10:00:00,data\raw\ok\ok_0864.png,ok,0
2023-12-11 10:00:00,data\raw\ok\ok_0865.png,ok,0
2023-12-11 10:00:00,data\raw\ok\ok_0866.png,ok,0
2023-12-11 10:00:00,data\raw\ok\ok_0867.png,ok,0
2023-12-11 10:00:00,data\raw\ok\ok_0868.png,ok,0
2023-12-11 10:00:00,data\raw\ok\ok_0869.png,ok,0
2023-12-11 10:00:00,data\raw\ok\ok_0870.png,ok,0
2023-12-11 10:00:00,data\raw\ok\ok_0871.png,ok,0
2023-12-11 10:00:00,data\raw\ok\ok_0872.png,ok,0
2023-12-11 10:00:00,data\raw\ok\ok_0873.png,ok,0
2023-12-11 10:00:00,data\raw\ok\ok_0874.png,ok,0
2023-12-11 10:00:00,data\raw\ok\ok_0875.png,ok,0
2023-12-11 10:00:00,data\raw\ok\ok_0876.png,ok,0
2023-12-11 10:00:00,data\raw\ok\ok_0877.png,ok,0
2023-12-11 10:00:00,data\raw\ok\ok_0878.png,ok,0
2023-12-11 10:00:00,data\raw\ok\ok_0879.png,ok,0
2023-12-11 10:00:00,data\raw\ok\ok_0880.png,ok,0
2023-12-11 10:00:00,data\raw\ok\ok_0881.png,ok,0
2023-12-11 10:00:00,data\raw\ok\ok_0882.png,ok,0
2023-12-11 10:00:00,data\raw\ok\ok_0883.png,ok,0
2023-12-11 10:00:00,data\raw\ok\ok_0884.png,ok,0
2023-12-11 10:00:00,data\raw\ok\ok_0885.png,ok,0
2023-12-11 10:00:00,data\raw\ok\ok_0886.png,ok,0
2023-12-11 10:00:00,data\raw\ok\ok_0887.png,ok,0
2023-12-11 10:00:00,data\raw\ok\ok_0888.png,ok,0
2023-12-11 10:00:00,data\raw\ok\ok_0889.png,ok,0
2023-12-11 10:00:00,data\raw\ok\ok_0890.png,ok,0
2023-12-11 10:00:00,data\raw\ok\ok_0891.png,ok,0
2023-12-11 10:00:00,data\raw\ok\ok_0892.png,ok,0
2023-12-11 10:00:00,data\raw\ok\ok_0893.png,ok,0
2023-12-11 10:00:00,data\raw\ok\ok_0894.png,ok,0
2023-12-11 10:00:00,data\raw\ok\ok_0895.png,ok,0
2023-12-11 10:00:00,data\raw\ok\ok_0896.png,ok,0
2023-12-11 10:00:00,data\raw\ok\ok_0897.png,ok,0
2023-12-11 10:00:00,data\raw\ok\ok_0898.png,ok,0
2023-12-11 10:00:00,data\raw\ok\ok_0899.png,ok,0
2023-12-11 10:00:00,data\raw\ok\ok_0900.png,ok,0
2023-12-11 10:00:00,data\raw\ok\ok_0901.png,ok,0
2023-12-11 10:00:00,data\raw\ok\ok_0902.png,ok,0
2023-12-11 10:00:00,data\raw\ok\ok_0903.png,ok,0
2023-12-11 10:00:00,data\raw\ok\ok_0904.png,ok,0
2023-12-11 10:00:00,data\raw\ok\ok_0905.png,ok,0
2023-12-11 10:00:00,data\raw\ok\ok_0906.png,ok,0
2023-12-11 10:00:00,data\raw\ok\ok_0907.png,ok,0
2023-12-11 10:00:00,data\raw\ok\ok_0908.png,ok,0
2023-12-11 10:00:00,data\raw\ok\ok_0909.png,ok,0
2023-12-11 10:00:00,data\raw\ok\ok_0910.png,ok,0
2023-12-11 10:00:00,data\raw\ok\ok_0911.png,ok,0
2023-12-11 10:00:00,data\raw\ok\ok_0912.png,ok,0
2023-12-11 10:00:00,data\raw\ok\ok_0913.png,ok,0
2023-12-11 10:00:00,data\raw\ok\ok_0914.png,ok,0
2023-12-11 10:00:00,data\raw\ok\ok_0915.png,ok,0
2023-12-11 10:00:00,data\raw\ok\ok_0916.png,ok,0
2023-12-11 10:00:00,data\raw\ok\ok_0917.png,ok,0
2023-12-11 10:00:00,data\raw\ok\ok_0918.png,ok,0
2023-12-11 10:00:00,data\raw\ok\ok_0919.png,ok,0
2023-12-11 10:00:00,data\raw\ok\ok_0920.png,ok,0
2023-12-11 10:00:00,data\raw\ok\ok_0921.png,ok,0
2023-12-11 10:00:00,data\raw\ok\ok_0922.png,ok,0
2023-12-11 10:00:00,data\raw\ok\ok_0923.png,ok,0
2023-12-11 10:00:00,data\raw\ok\ok_0924.png,ok,0
2023-12-11 10:00:00,data\raw\ok\ok_0925.png,ok,0
2023-12-11 10:00:00,data\raw\ok\ok_0926.png,ok,0
2023-12-11 10:00:00,data\raw\ok\ok_0927.png,ok,0
2023-12-11 10:00:00,data\raw\ok\ok_0928.png,ok,0
2023-12-11 10:00:00,data\raw\ok\ok_0929.png,ok,0
2023-12-11 10:00:00,data\raw\ok\ok_0930.png,ok,0
2023-12-11 10:00:00,data\raw\ok\ok_0931.png,ok,0
2023-12-11 10:00:00,data\raw\ok\ok_0932.png,ok,0
2023-12-11 10:00:00,data\raw\ok\ok_0933.png,ok,0
2023-12-11 10:00:00,data\raw\ok\ok_0934.png,ok,0
2023-12-11 10:00:00,data\raw\ok\ok_0935.png,ok,0
2023-12-11 10:00:00,data\raw\ok\ok_0936.png,ok,0
2023-12-11 10:00:00,data\raw\ok\ok_0937.png,ok,0
2023-12-11 10:00:00,data\raw\ok\ok_0938.png,ok,0
2023-12-11 10:00:00,data\raw\ok\ok_0939.png,ok,0
2023-12-11 10:00:00,data\raw\ok\ok_0940.png,ok,0
2023-12-11 10:00:00,data\raw\ok\ok_0941.png,ok,0
2023-12-11 10:00:00,data\raw\ok\ok_0942.png,ok,0
2023-12-11 10:00:00,data\raw\ok\ok_0943.png,ok,0
2023-12-11 10:00:00,data\raw\ok\ok_0944.png,ok,0
2023-12-11 10:00:00,data\raw\ok\ok_0945.png,ok,0
2023-12-11 10:00:00,data\raw\ok\ok_0946.png,ok,0
2023-12-11 10:00:00,data\raw\ok\ok_0947.png,ok,0
2023-12-11 10:00:00,data\raw\ok\ok_0948.png,ok,0
2023-12-11 10:00:00,data\raw\ok\ok_0949.png,ok,0
2023-12-11 10:00:00,data\raw\ok\ok_0950.png,ok,0
2023-12-11 10:00:00,data\raw\ok\ok_0951.png,ok,0
2023-12-11 10:00:00,data\raw\ok\ok_0952.png,ok,0
2023-12-11 10:00:00,data\raw\ok\ok_0953.png,ok,0
2023-12-11 10:00:00,data\raw\ok\ok_0954.png,ok,0
2023-12-11 10:00:00,data\raw\ok\ok_0955.png,ok,0
2023-12-11 10:00:00,data\raw\ok\ok_0956.png,ok,0
2023-12-11 10:00:00,data\raw\ok\ok_0957.png,ok,0
2023-12-11 10:00:00,data\raw\ok\ok_0958.png,ok,0
2023-12-11 10:00:00,data\raw\ok\ok_0959.png,ok,0
2023-12-11 10:00:00,data\raw\ok\ok_0960.png,ok,0
2023-12-11 10:00:00,data\raw\ok\ok_0961.png,ok,0
2023-12-11 10:00:00,data\raw\ok\ok_0962.png,ok,0
2023-12-11 10:00:00,data\raw\ok\ok_0963.png,ok,0
2023-12-11 10:00:00,data\raw\ok\ok_0964.png,ok,0
2023-12-11 10:00:00,data\raw\ok\ok_0965.png,ok,0
2023-12-11 10:00:00,data\raw\ok\ok_0966.png,ok,0
2023-12-11 10:00:00,data\raw\ok\ok_0967.png,ok,0
2023-12-11 10:00:00,data\raw\ok\ok_0968.png,ok,0
2023-12-11 10:00:00,data\raw\ok\ok_0969.png,ok,0
2023-12-11 10:00:00,data\raw\ok\ok_0970.png,ok,0
2023-12-11 10:00:00,data\raw\ok\ok_0971.png,ok,0
2023-12-11 10:00:00,data\raw\ok\ok_0972.png,ok,0
2023-12-11 10:00:00,data\raw\ok\ok_0973.png,ok,0
2023-12-11 10:00:00,data\raw\ok\ok_0974.png,ok,0
2023-12-11 10:00:00,data\raw\ok\ok_0975.png,ok,0
2023-12-11 10:00:00,data\raw\ok\ok_0976.png,ok,0
2023-12-11 10:00:00,data\raw\ok\ok_0977.png,ok,0
2023-12-11 10:00:00,data\raw\ok\ok_0978.png,ok,0
2023-12-11 10:00:00,data\raw\ok\ok_0979.png,ok,0
2023-12-11 10:00:00,data\raw\ok\ok_0980.png,ok,0
2023-12-11 10:00:00,data\raw\ok\ok_0981.png,ok,0
2023-12-11 10:00:00,data\raw\ok\ok_0982.png,ok,0
2023-12-11 10:00:00,data\raw\ok\ok_0983.png,ok,0
2023-12-11 10:00:00,data\raw\ok\ok_0984.png,ok,0
2023-12-11 10:00:00,data\raw\ok\ok_0985.png,ok,0
2023-12-11 10:00:00,data\raw\ok\ok_0986.png,ok,0
2023-12-11 10:00:00,data\raw\ok\ok_0987.png,ok,0
2023-12-11 10:00:00,data\raw\ok\ok_0988.png,ok,0
2023-12-11 10:00:00,data\raw\ok\ok_0989.png,ok,0
2023-12-11 10:00:00,data\raw\ok\ok_0990.png,ok,0
2023-12-11 10:00:00,data\raw\ok\ok_0991.png,ok,0
2023-12-11 10:00:00,data\raw\ok\ok_0992.png,ok,0
2023-12-11 10:00:00,data\raw\ok\ok_0993.png,ok,0
2023-12-11 10:00:00,data\raw\ok\ok_0994.png,ok,0
2023-12-11 10:00:00,data\raw\ok\ok_0995.png,ok,0
2023-12-11 10:00:00,data\raw\ok\ok_0996.png,ok,0
2023-12-11 10:00:00,data\raw\ok\ok_0997.png,ok,0
2023-12-11 10:00:00,data\raw\ok\ok_0998.png,ok,0
2023-12-11 10:00:00,data\raw\ok\ok_0999.png,ok,0
2023-12-11 10:00:00,data\raw\defect\defect_0000.png,defect,1
2023-12-11 10:00:00,data\raw\defect\defect_0001.png,defect,1
2023-12-11 10:00:00,data\raw\defect\defect_0002.png,defect,1
2023-12-11 10:00:00,data\raw\defect\defect_0003.png,defect,1
2023-12-11 10:00:00,data\raw\defect\defect_0004.png,defect,1
2023-12-11 10:00:00,data\raw\defect\defect_0005.png,defect,1
2023-12-11 10:00:00,data\raw\defect\defect_0006.png,defect,1
2023-12-11 10:00:00,data\raw\defect\defect_0007.png,defect,1
2023-12-11 10:00:00,data\raw\defect\defect_0008.png,defect,1
2023-12-11 10:00:00,data\raw\defect\defect_0009.png,defect,1
2023-12-11 10:00:00,data\raw\defect\defect_0010.png,defect,1
2023-12-11 10:00:00,data\raw\defect\defect_0011.png,defect,1
2023-12-11 10:00:00,data\raw\defect\defect_0012.png,defect,1
2023-12-11 10:00:00,data\raw\defect\defect_0013.png,defect,1
2023-12-11 10:00:00,data\raw\defect\defect_0014.png,defect,1
2023-12-11 10:00:00,data\raw\defect\defect_0015.png,defect,1
2023-12-11 10:00:00,data\raw\defect\defect_0016.png,defect,1
2023-12-11 10:00:00,data\raw\defect\defect_0017.png,defect,1
2023-12-11 10:00:00,data\raw\defect\defect_0018.png,defect,1
2023-12-11 10:00:00,data\raw\defect\defect_0019.png,defect,1
2023-12-11 10:00:00,data\raw\defect\defect_0020.png,defect,1
2023-12-11 10:00:00,data\raw\defect\defect_0021.png,defect,1
2023-12-11 10:00:00,data\raw\defect\defect_0022.png,defect,1
2023-12-11 10:00:00,data\raw\defect\defect_0023.png,defect,1
2023-12-11 10:00:00,data\raw\defect\defect_0024.png,defect,1
2023-12-11 10:00:00,data\raw\defect\defect_0025.png,defect,1
2023-12-11 10:00:00,data\raw\defect\defect_0026.png,defect,1
2023-12-11 10:00:00,data\raw\defect\defect_0027.png,defect,1
2023-12-11 10:00:00,data\raw\defect\defect_0028.png,defect,1
2023-12-11 10:00:00,data\raw\defect\defect_0029.png,defect,1
2023-12-11 10:00:00,data\raw\defect\defect_0030.png,defect,1
2023-12-11 10:00:00,data\raw\defect\defect_0031.png,defect,1
2023-12-11 10:00:00,data\raw\defect\defect_0032.png,defect,1
2023-12-11 10:00:00,data\raw\defect\defect_0033.png,defect,1
2023-12-11 10:00:00,data\raw\defect\defect_0034.png,defect,1
2023-12-11 10:00:00,data\raw\defect\defect_0035.png,defect,1
2023-12-11 10:00:00,data\raw\defect\defect_0036.png,defect,1
2023-12-11 10:00:00,data\raw\defect\defect_0037.png,defect,1
2023-12-11 10:00:00,data\raw\defect\defect_0038.png,defect,1
2023-12-11 10:00:00,data\raw\defect\defect_0039.png,defect,1
2023-12-11 10:00:00,data\raw\defect\defect_0040.png,defect,1
2023-12-11 10:00:00,data\raw\defect\defect_0041.png,defect,1
2023-12-11 10:00:00,data\raw\defect\defect_0042.png,defect,1
2023-12-11 10:00:00,data\raw\defect\defect_0043.png,defect,1
2023-12-11 10:00:00,data\raw\defect\defect_0044.png,defect,1
2023-12-11 10:00:00,data\raw\defect\defect_0045.png,defect,1
2023-12-11 10:00:00,data\raw\defect\defect_0046.png,defect,1
2023-12-11 10:00:00,data\raw\defect\defect_0047.png,defect,1
2023-12-11 10:00:00,data\raw\defect\defect_0048.png,defect,1
2023-12-11 10:00:00,data\raw\defect\defect_0049.png,defect,1
2023-12-11 10:00:00,data\raw\defect\defect_0050.png,defect,1
2023-12-11 10:00:00,data\raw\defect\defect_0051.png,defect,1
2023-12-11 10:00:00,data\raw\defect\defect_0052.png,defect,1
2023-12-11 10:00:00,data\raw\defect\defect_0053.png,defect,1
2023-12-11 10:00:00,data\raw\defect\defect_0054.png,defect,1
2023-12-11 10:00:00,data\raw\defect\defect_0055.png,defect,1
2023-12-11 10:00:00,data\raw\defect\defect_0056.png,defect,1
2023-12-11 10:00:00,data\raw\defect\defect_0057.png,defect,1
2023-12-11 10:00:00,data\raw\defect\defect_0058.png,defect,1
2023-12-11 10:00:00,data\raw\defect\defect_0059.png,defect,1
2023-12-11 10:00:00,data\raw\defect\defect_0060.png,defect,1
2023-12-11 10:00:00,data\raw\defect\defect_0061.png,defect,1
2023-12-11 10:00:00,data\raw\defect\defect_0062.png,defect,1
2023-12-11 10:00:00,data\raw\defect\defect_0063.png,defect,1
2023-12-11 10:00:00,data\raw\defect\defect_0064.png,defect,1
2023-12-11 10:00:00,data\raw\defect\defect_0065.png,defect,1
2023-12-11 10:00:00,data\raw\defect\defect_0066.png,defect,1
2023-12-11 10:00:00,data\raw\defect\defect_0067.png,defect,1
2023-12-11 10:00:00,data\raw\defect\defect_0068.png,defect,1
2023-12-11 10:00:00,data\raw\defect\defect_0069.png,defect,1
2023-12-11 10:00:00,data\raw\defect\defect_0070.png,defect,1
2023-12-11 10:00:00,data\raw\defect\defect_0071.png,defect,1
2023-12-11 10:00:00,data\raw\defect\defect_0072.png,defect,1
2023-12-11 10:00:00,data\raw\defect\defect_0073.png,defect,1
2023-12-11 10:00:00,data\raw\defect\defect_0074.png,defect,1
2023-12-11 10:00:00,data\raw\defect\defect_0075.png,defect,1
2023-12-11 10:00:00,data\raw\defect\defect_0076.png,defect,1
2023-12-11 10:00:00,data\raw\defect\defect_0077.png,defect,1
2023-12-11 10:00:00,data\raw\defect\defect_0078.png,defect,1
2023-12-11 10:00:00,data\raw\defect\defect_0079.png,defect,1
2023-12-11 10:00:00,data\raw\defect\defect_0080.png,defect,1
2023-12-11 10:00:00,data\raw\defect\defect_0081.png,defect,1
2023-12-11 10:00:00,data\raw\defect\defect_0082.png,defect,1
2023-12-11 10:00:00,data\raw\defect\defect_0083.png,defect,1
2023-12-11 10:00:00,data\raw\defect\defect_0084.png,defect,1
2023-12-11 10:00:00,data\raw\defect\defect_0085.png,defect,1
2023-12-11 10:00:00,data\raw\defect\defect_0086.png,defect,1
2023-12-11 10:00:00,data\raw\defect\defect_0087.png,defect,1
2023-12-11 10:00:00,data\raw\defect\defect_0088.png,defect,1
2023-12-11 10:00:00,data\raw\defect\defect_0089.png,defect,1
2023-12-11 10:00:00,data\raw\defect\defect_0090.png,defect,1
2023-12-11 10:00:00,data\raw\defect\defect_0091.png,defect,1
2023-12-11 10:00:00,data\raw\defect\defect_0092.png,defect,1
2023-12-11 10:00:00,data\raw\defect\defect_0093.png,defect,1
2023-12-11 10:00:00,data\raw\defect\defect_0094.png,defect,1
2023-12-11 10:00:00,data\raw\defect\defect_0095.png,defect,1
2023-12-11 10:00:00,data\raw\defect\defect_0096.png,defect,1
2023-12-11 10:00:00,data\raw\defect\defect_0097.png,defect,1
2023-12-11 10:00:00,data\raw\defect\defect_0098.png,defect,1
2023-12-11 10:00:00,data\raw\defect\defect_0099.png,defect,1
2023-12-11 10:00:00,data\raw\defect\defect_0100.png,defect,1
2023-12-11 10:00:00,data\raw\defect\defect_0101.png,defect,1
2023-12-11 10:00:00,data\raw\defect\defect_0102.png,defect,1
2023-12-11 10:00:00,data\raw\defect\defect_0103.png,defect,1
2023-12-11 10:00:00,data\raw\defect\defect_0104.png,defect,1
2023-12-11 10:00:00,data\raw\defect\defect_0105.png,defect,1
2023-12-11 10:00:00,data\raw\defect\defect_0106.png,defect,1
2023-12-11 10:00:00,data\raw\defect\defect_0107.png,defect,1
2023-12-11 10:00:00,data\raw\defect\defect_0108.png,defect,1
2023-12-11 10:00:00,data\raw\defect\defect_0109.png,defect,1
2023-12-11 10:00:00,data\raw\defect\defect_0110.png,defect,1
2023-12-11 10:00:00,data\raw\defect\defect_0111.png,defect,1
2023-12-11 10:00:00,data\raw\defect\defect_0112.png,defect,1
2023-12-11 10:00:00,data\raw\defect\defect_0113.png,defect,1
2023-12-11 10:00:00,data\raw\defect\defect_0114.png,defect,1
2023-12-11 10:00:00,data\raw\defect\defect_0115.png,defect,1
2023-12-11 10:00:00,data\raw\defect\defect_0116.png,defect,1
2023-12-11 10:00:00,data\raw\defect\defect_0117.png,defect,1
2023-12-11 10:00:00,data\raw\defect\defect_0118.png,defect,1
2023-12-11 10:00:00,data\raw\defect\defect_0119.png,defect,1
2023-12-11 10:00:00,data\raw\defect\defect_0120.png,defect,1
2023-12-11 10:00:00,data\raw\defect\defect_0121.png,defect,1
2023-12-11 10:00:00,data\raw\defect\defect_0122.png,defect,1
2023-12-11 10:00:00,data\raw\defect\defect_0123.png,defect,1
2023-12-11 10:00:00,data\raw\defect\defect_0124.png,defect,1
2023-12-11 10:00:00,data\raw\defect\defect_0125.png,defect,1
2023-12-11 10:00:00,data\raw\defect\defect_0126.png,defect,1
2023-12-11 10:00:00,data\raw\defect\defect_0127.png,defect,1
2023-12-11 10:00:00,data\raw\defect\defect_0128.png,defect,1
2023-12-11 10:00:00,data\raw\defect\defect_0129.png,defect,1
2023-12-11 10:00:00,data\raw\defect\defect_0130.png,defect,1
2023-12-11 10:00:00,data\raw\defect\defect_0131.png,defect,1
2023-12-11 10:00:00,data\raw\defect\defect_0132.png,defect,1
2023-12-11 10:00:00,data\raw\defect\defect_0133.png,defect,1
2023-12-11 10:00:00,data\raw\defect\defect_0134.png,defect,1
2023-12-11 10:00:00,data\raw\defect\defect_0135.png,defect,1
2023-12-11 10:00:00,data\raw\defect\defect_0136.png,defect,1
2023-12-11 10:00:00,data\raw\defect\defect_0137.png,defect,1
2023-12-11 10:00:00,data\raw\defect\defect_0138.png,defect,1
2023-12-11 10:00:00,data\raw\defect\defect_0139.png,defect,1
2023-12-11 10:00:00,data\raw\defect\defect_0140.png,defect,1
2023-12-11 10:00:00,data\raw\defect\defect_0141.png,defect,1
2023-12-11 10:00:00,data\raw\defect\defect_0142.png,defect,1
2023-12-11 10:00:00,data\raw\defect\defect_0143.png,defect,1
2023-12-11 10:00:00,data\raw\defect\defect_0144.png,defect,1
2023-12-11 10:00:00,data\raw\defect\defect_0145.png,defect,1
2023-12-11 10:00:00,data\raw\defect\defect_0146.png,defect,1
2023-12-11 10:00:00,data\raw\defect\defect_0147.png,defect,1
2023-12-11 10:00:00,data\raw\defect\defect_0148.png,defect,1
2023-12-11 10:00:00,data\raw\defect\defect_0149.png,defect,1
2023-12-11 10:00:00,data\raw\defect\defect_0150.png,defect,1
2023-12-11 10:00:00,data\raw\defect\defect_0151.png,defect,1
2023-12-11 10:00:00,data\raw\defect\defect_0152.png,defect,1
2023-12-11 10:00:00,data\raw\defect\defect_0153.png,defect,1
2023-12-11 10:00:00,data\raw\defect\defect_0154.png,defect,1
2023-12-11 10:00:00,data\raw\defect\defect_0155.png,defect,1
2023-12-11 10:00:00,data\raw\defect\defect_0156.png,defect,1
2023-12-11 10:00:00,data\raw\defect\defect_0157.png,defect,1
2023-12-11 10:00:00,data\raw\defect\defect_0158.png,defect,1
2023-12-11 10:00:00,data\raw\defect\defect_0159.png,defect,1
2023-12-11 10:00:00,data\raw\defect\defect_0160.png,defect,1
2023-12-11 10:00:00,data\raw\defect\defect_0161.png,defect,1
2023-12-11 10:00:00,data\raw\defect\defect_0162.png,defect,1
2023-12-11 10:00:00,data\raw\defect\defect_0163.png,defect,1
2023-12-11 10:00:00,data\raw\defect\defect_0164.png,defect,1
2023-12-11 10:00:00,data\raw\defect\defect_0165.png,defect,1
2023-12-11 10:00:00,data\raw\defect\defect_0166.png,defect,1
2023-12-11 10:00:00,data\raw\defect\defect_0167.png,defect,1
2023-12-11 10:00:00,data\raw\defect\defect_0168.png,defect,1
2023-12-11 10:00:00,data\raw\defect\defect_0169.png,defect,1
2023-12-11 10:00:00,data\raw\defect\defect_0170.png,defect,1
2023-12-11 10:00:00,data\raw\defect\defect_0171.png,defect,1
2023-12-11 10:00:00,data\raw\defect\defect_0172.png,defect,1
2023-12-11 10:00:00,data\raw\defect\defect_0173.png,defect,1
2023-12-11 10:00:00,data\raw\defect\defect_0174.png,defect,1
2023-12-11 10:00:00,data\raw\defect\defect_0175.png,defect,1
2023-12-11 10:00:00,data\raw\defect\defect_0176.png,defect,1
2023-12-11 10:00:00,data\raw\defect\defect_0177.png,defect,1
2023-12-11 10:00:00,data\raw\defect\defect_0178.png,defect,1
2023-12-11 10:00:00,data\raw\defect\defect_0179.png,defect,1
2023-12-11 10:00:00,data\raw\defect\defect_0180.png,defect,1
2023-12-11 10:00:00,data\raw\defect\defect_0181.png,defect,1
2023-12-11 10:00:00,data\raw\defect\defect_0182.png,defect,1
2023-12-11 10:00:00,data\raw\defect\defect_0183.png,defect,1
2023-12-11 10:00:00,data\raw\defect\defect_0184.png,defect,1
2023-12-11 10:00:00,data\raw\defect\defect_0185.png,defect,1
2023-12-11 10:00:00,data\raw\defect\defect_0186.png,defect,1
2023-12-11 10:00:00,data\raw\defect\defect_0187.png,defect,1
2023-12-11 10:00:00,data\raw\defect\defect_0188.png,defect,1
2023-12-11 10:00:00,data\raw\defect\defect_0189.png,defect,1
2023-12-11 10:00:00,data\raw\defect\defect_0190.png,defect,1
2023-12-11 10:00:00,data\raw\defect\defect_0191.png,defect,1
2023-12-11 10:00:00,data\raw\defect\defect_0192.png,defect,1
2023-12-11 10:00:00,data\raw\defect\defect_0193.png,defect,1
2023-12-11 10:00:00,data\raw\defect\defect_0194.png,defect,1
2023-12-11 10:00:00,data\raw\defect\defect_0195.png,defect,1
2023-12-11 10:00:00,data\raw\defect\defect_0196.png,defect,1
2023-12-11 10:00:00,data\raw\defect\defect_0197.png,defect,1
2023-12-11 10:00:00,data\raw\defect\defect_0198.png,defect,1
2023-12-11 10:00:00,data\raw\defect\defect_0199.png,defect,1
2023-12-11 10:00:00,data\raw\defect\defect_0200.png,defect,1
2023-12-11 10:00:00,data\raw\defect\defect_0201.png,defect,1
2023-12-11 10:00:00,data\raw\defect\defect_0202.png,defect,1
2023-12-11 10:00:00,data\raw\defect\defect_0203.png,defect,1
2023-12-11 10:00:00,data\raw\defect\defect_0204.png,defect,1
2023-12-11 10:00:00,data\raw\defect\defect_0205.png,defect,1
2023-12-11 10:00:00,data\raw\defect\defect_0206.png,defect,1
2023-12-11 10:00:00,data\raw\defect\defect_0207.png,defect,1
2023-12-11 10:00:00,data\raw\defect\defect_0208.png,defect,1
2023-12-11 10:00:00,data\raw\defect\defect_0209.png,defect,1
2023-12-11 10:00:00,data\raw\defect\defect_0210.png,defect,1
2023-12-11 10:00:00,data\raw\defect\defect_0211.png,defect,1
2023-12-11 10:00:00,data\raw\defect\defect_0212.png,defect,1
2023-12-11 10:00:00,data\raw\defect\defect_0213.png,defect,1
2023-12-11 10:00:00,data\raw\defect\defect_0214.png,defect,1
2023-12-11 10:00:00,data\raw\defect\defect_0215.png,defect,1
2023-12-11 10:00:00,data\raw\defect\defect_0216.png,defect,1
2023-12-11 10:00:00,data\raw\defect\defect_0217.png,defect,1
2023-12-11 10:00:00,data\raw\defect\defect_0218.png,defect,1
2023-12-11 10:00:00,data\raw\defect\defect_0219.png,defect,1
2023-12-11 10:00:00,data\raw\defect\defect_0220.png,defect,1
2023-12-11 10:00:00,data\raw\defect\defect_0221.png,defect,1
2023-12-11 10:00:00,data\raw\defect\defect_0222.png,defect,1
2023-12-11 10:00:00,data\raw\defect\defect_0223.png,defect,1
2023-12-11 10:00:00,data\raw\defect\defect_0224.png,defect,1
2023-12-11 10:00:00,data\raw\defect\defect_0225.png,defect,1
2023-12-11 10:00:00,data\raw\defect\defect_0226.png,defect,1
2023-12-11 10:00:00,data\raw\defect\defect_0227.png,defect,1
2023-12-11 10:00:00,data\raw\defect\defect_0228.png,defect,1
2023-12-11 10:00:00,data\raw\defect\defect_0229.png,defect,1
2023-12-11 10:00:00,data\raw\defect\defect_0230.png,defect,1
2023-12-11 10:00:00,data\raw\defect\defect_0231.png,defect,1
2023-12-11 10:00:00,data\raw\defect\defect_0232.png,defect,1
2023-12-11 10:00:00,data\raw\defect\defect_0233.png,defect,1
2023-12-11 10:00:00,data\raw\defect\defect_0234.png,defect,1
2023-12-11 10:00:00,data\raw\defect\defect_0235.png,defect,1
2023-12-11 10:00:00,data\raw\defect\defect_0236.png,defect,1
2023-12-11 10:00:00,data\raw\defect\defect_0237.png,defect,1
2023-12-11 10:00:00,data\raw\defect\defect_0238.png,defect,1
2023-12-11 10:00:00,data\raw\defect\defect_0239.png,defect,1
2023-12-11 10:00:00,data\raw\defect\defect_0240.png,defect,1
2023-12-11 10:00:00,data\raw\defect\defect_0241.png,defect,1
2023-12-11 10:00:00,data\raw\defect\defect_0242.png,defect,1
2023-12-11 10:00:00,data\raw\defect\defect_0243.png,defect,1
2023-12-11 10:00:00,data\raw\defect\defect_0244.png,defect,1
2023-12-11 10:00:00,data\raw\defect\defect_0245.png,defect,1
2023-12-11 10:00:00,data\raw\defect\defect_0246.png,defect,1
2023-12-11 10:00:00,data\raw\defect\defect_0247.png,defect,1
2023-12-11 10:00:00,data\raw\defect\defect_0248.png,defect,1
2023-12-11 10:00:00,data\raw\defect\defect_0249.png,defect,1
2023-12-11 10:00:00,data\raw\defect\defect_0250.png,defect,1
2023-12-11 10:00:00,data\raw\defect\defect_0251.png,defect,1
2023-12-11 10:00:00,data\raw\defect\defect_0252.png,defect,1
2023-12-11 10:00:00,data\raw\defect\defect_0253.png,defect,1
2023-12-11 10:00:00,data\raw\defect\defect_0254.png,defect,1
2023-12-11 10:00:00,data\raw\defect\defect_0255.png,defect,1
2023-12-11 10:00:00,data\raw\defect\defect_0256.png,defect,1
2023-12-11 10:00:00,data\raw\defect\defect_0257.png,defect,1
2023-12-11 10:00:00,data\raw\defect\defect_0258.png,defect,1
2023-12-11 10:00:00,data\raw\defect\defect_0259.png,defect,1
2023-12-11 10:00:00,data\raw\defect\defect_0260.png,defect,1
2023-12-11 10:00:00,data\raw\defect\defect_0261.png,defect,1
2023-12-11 10:00:00,data\raw\defect\defect_0262.png,defect,1
2023-12-11 10:00:00,data\raw\defect\defect_0263.png,defect,1
2023-12-11 10:00:00,data\raw\defect\defect_0264.png,defect,1
2023-12-11 10:00:00,data\raw\defect\defect_0265.png,defect,1
2023-12-11 10:00:00,data\raw\defect\defect_0266.png,defect,1
2023-12-11 10:00:00,data\raw\defect\defect_0267.png,defect,1
2023-12-11 10:00:00,data\raw\defect\defect_0268.png,defect,1
2023-12-11 10:00:00,data\raw\defect\defect_0269.png,defect,1
2023-12-11 10:00:00,data\raw\defect\defect_0270.png,defect,1
2023-12-11 10:00:00,data\raw\defect\defect_0271.png,defect,1
2023-12-11 10:00:00,data\raw\defect\defect_0272.png,defect,1
2023-12-11 10:00:00,data\raw\defect\defect_0273.png,defect,1
2023-12-11 10:00:00,data\raw\defect\defect_0274.png,defect,1
2023-12-11 10:00:00,data\raw\defect\defect_0275.png,defect,1
2023-12-11 10:00:00,data\raw\defect\defect_0276.png,defect,1
2023-12-11 10:00:00,data\raw\defect\defect_0277.png,defect,1
2023-12-11 10:00:00,data\raw\defect\defect_0278.png,defect,1
2023-12-11 10:00:00,data\raw\defect\defect_0279.png,defect,1
2023-12-11 10:00:00,data\raw\defect\defect_0280.png,defect,1
2023-12-11 10:00:00,data\raw\defect\defect_0281.png,defect,1
2023-12-11 10:00:00,data\raw\defect\defect_0282.png,defect,1
2023-12-11 10:00:00,data\raw\defect\defect_0283.png,defect,1
2023-12-11 10:00:00,data\raw\defect\defect_0284.png,defect,1
2023-12-11 10:00:00,data\raw\defect\defect_0285.png,defect,1
2023-12-11 10:00:00,data\raw\defect\defect_0286.png,defect,1
2023-12-11 10:00:00,data\raw\defect\defect_0287.png,defect,1
2023-12-11 10:00:00,data\raw\defect\defect_0288.png,defect,1
2023-12-11 10:00:00,data\raw\defect\defect_0289.png,defect,1
2023-12-11 10:00:00,data\raw\defect\defect_0290.png,defect,1
2023-12-11 10:00:00,data\raw\defect\defect_0291.png,defect,1
2023-12-11 10:00:00,data\raw\defect\defect_0292.png,defect,1
2023-12-11 10:00:00,data\raw\defect\defect_0293.png,defect,1
2023-12-11 10:00:00,data\raw\defect\defect_0294.png,defect,1
2023-12-11 10:00:00,data\raw\defect\defect_0295.png,defect,1
2023-12-11 10:00:00,data\raw\defect\defect_0296.png,defect,1
2023-12-11 10:00:00,data\raw\defect\defect_0297.png,defect,1
2023-12-11 10:00:00,data\raw\defect\defect_0298.png,defect,1
2023-12-11 10:00:00,data\raw\defect\defect_0299.png,defect,1
2023-12-11 10:00:00,data\raw\defect\defect_0300.png,defect,1
2023-12-11 10:00:00,data\raw\defect\defect_0301.png,defect,1
2023-12-11 10:00:00,data\raw\defect\defect_0302.png,defect,1
2023-12-11 10:00:00,data\raw\defect\defect_0303.png,defect,1
2023-12-11 10:00:00,data\raw\defect\defect_0304.png,defect,1
2023-12-11 10:00:00,data\raw\defect\defect_0305.png,defect,1
2023-12-11 10:00:00,data\raw\defect\defect_0306.png,defect,1
2023-12-11 10:00:00,data\raw\defect\defect_0307.png,defect,1
2023-12-11 10:00:00,data\raw\defect\defect_0308.png,defect,1
2023-12-11 10:00:00,data\raw\defect\defect_0309.png,defect,1
2023-12-11 10:00:00,data\raw\defect\defect_0310.png,defect,1
2023-12-11 10:00:00,data\raw\defect\defect_0311.png,defect,1
2023-12-11 10:00:00,data\raw\defect\defect_0312.png,defect,1
2023-12-11 10:00:00,data\raw\defect\defect_0313.png,defect,1
2023-12-11 10:00:00,data\raw\defect\defect_0314.png,defect,1
2023-12-11 10:00:00,data\raw\defect\defect_0315.png,defect,1
2023-12-11 10:00:00,data\raw\defect\defect_0316.png,defect,1
2023-12-11 10:00:00,data\raw\defect\defect_0317.png,defect,1
2023-12-11 10:00:00,data\raw\defect\defect_0318.png,defect,1
2023-12-11 10:00:00,data\raw\defect\defect_0319.png,defect,1
2023-12-11 10:00:00,data\raw\defect\defect_0320.png,defect,1
2023-12-11 10:00:00,data\raw\defect\defect_0321.png,defect,1
2023-12-11 10:00:00,data\raw\defect\defect_0322.png,defect,1
2023-12-11 10:00:00,data\raw\defect\defect_0323.png,defect,1
2023-12-11 10:00:00,data\raw\defect\defect_0324.png,defect,1
2023-12-11 10:00:00,data\raw\defect\defect_0325.png,defect,1
2023-12-11 10:00:00,data\raw\defect\defect_0326.png,defect,1
2023-12-11 10:00:00,data\raw\defect\defect_0327.png,defect,1
2023-12-11 10:00:00,data\raw\defect\defect_0328.png,defect,1
2023-12-11 10:00:00,data\raw\defect\defect_0329.png,defect,1
2023-12-11 10:00:00,data\raw\defect\defect_0330.png,defect,1
2023-12-11 10:00:00,data\raw\defect\defect_0331.png,defect,1
2023-12-11 10:00:00,data\raw\defect\defect_0332.png,defect,1
2023-12-11 10:00:00,data\raw\defect\defect_0333.png,defect,1
2023-12-11 10:00:00,data\raw\defect\defect_0334.png,defect,1
2023-12-11 10:00:00,data\raw\defect\defect_0335.png,defect,1
2023-12-11 10:00:00,data\raw\defect\defect_0336.png,defect,1
2023-12-11 10:00:00,data\raw\defect\defect_0337.png,defect,1
2023-12-11 10:00:00,data\raw\defect\defect_0338.png,defect,1
2023-12-11 10:00:00,data\raw\defect\defect_0339.png,defect,1
2023-12-11 10:00:00,data\raw\defect\defect_0340.png,defect,1
2023-12-11 10:00:00,data\raw\defect\defect_0341.png,defect,1
2023-12-11 10:00:00,data\raw\defect\defect_0342.png,defect,1
2023-12-11 10:00:00,data\raw\defect\defect_0343.png,defect,1
2023-12-11 10:00:00,data\raw\defect\defect_0344.png,defect,1
2023-12-11 10:00:00,data\raw\defect\defect_0345.png,defect,1
2023-12-11 10:00:00,data\raw\defect\defect_0346.png,defect,1
2023-12-11 10:00:00,data\raw\defect\defect_0347.png,defect,1
2023-12-11 10:00:00,data\raw\defect\defect_0348.png,defect,1
2023-12-11 10:00:00,data\raw\defect\defect_0349.png,defect,1
2023-12-11 10:00:00,data\raw\defect\defect_0350.png,defect,1
2023-12-11 10:00:00,data\raw\defect\defect_0351.png,defect,1
2023-12-11 10:00:00,data\raw\defect\defect_0352.png,defect,1
2023-12-11 10:00:00,data\raw\defect\defect_0353.png,defect,1
2023-12-11 10:00:00,data\raw\defect\defect_0354.png,defect,1
2023-12-11 10:00:00,data\raw\defect\defect_0355.png,defect,1
2023-12-11 10:00:00,data\raw\defect\defect_0356.png,defect,1
2023-12-11 10:00:00,data\raw\defect\defect_0357.png,defect,1
2023-12-11 10:00:00,data\raw\defect\defect_0358.png,defect,1
2023-12-11 10:00:00,data\raw\defect\defect_0359.png,defect,1
2023-12-11 10:00:00,data\raw\defect\defect_0360.png,defect,1
2023-12-11 10:00:00,data\raw\defect\defect_0361.png,defect,1
2023-12-11 10:00:00,data\raw\defect\defect_0362.png,defect,1
2023-12-11 10:00:00,data\raw\defect\defect_0363.png,defect,1
2023-12-11 10:00:00,data\raw\defect\defect_0364.png,defect,1
2023-12-11 10:00:00,data\raw\defect\defect_0365.png,defect,1
2023-12-11 10:00:00,data\raw\defect\defect_0366.png,defect,1
2023-12-11 10:00:00,data\raw\defect\defect_0367.png,defect,1
2023-12-11 10:00:00,data\raw\defect\defect_0368.png,defect,1
2023-12-11 10:00:00,data\raw\defect\defect_0369.png,defect,1
2023-12-11 10:00:00,data\raw\defect\defect_0370.png,defect,1
2023-12-11 10:00:00,data\raw\defect\defect_0371.png,defect,1
2023-12-11 10:00:00,data\raw\defect\defect_0372.png,defect,1
2023-12-11 10:00:00,data\raw\defect\defect_0373.png,defect,1
2023-12-11 10:00:00,data\raw\defect\defect_0374.png,defect,1
2023-12-11 10:00:00,data\raw\defect\defect_0375.png,defect,1
2023-12-11 10:00:00,data\raw\defect\defect_0376.png,defect,1
2023-12-11 10:00:00,data\raw\defect\defect_0377.png,defect,1
2023-12-11 10:00:00,data\raw\defect\defect_0378.png,defect,1
2023-12-11 10:00:00,data\raw\defect\defect_0379.png,defect,1
2023-12-11 10:00:00,data\raw\defect\defect_0380.png,defect,1
2023-12-11 10:00:00,data\raw\defect\defect_0381.png,defect,1
2023-12-11 10:00:00,data\raw\defect\defect_0382.png,defect,1
2023-12-11 10:00:00,data\raw\defect\defect_0383.png,defect,1
2023-12-11 10:00:00,data\raw\defect\defect_0384.png,defect,1
2023-12-11 10:00:00,data\raw\defect\defect_0385.png,defect,1
2023-12-11 10:00:00,data\raw\defect\defect_0386.png,defect,1
2023-12-11 10:00:00,data\raw\defect\defect_0387.png,defect,1
2023-12-11 10:00:00,data\raw\defect\defect_0388.png,defect,1
2023-12-11 10:00:00,data\raw\defect\defect_0389.png,defect,1
2023-12-11 10:00:00,data\raw\defect\defect_0390.png,defect,1
2023-12-11 10:00:00,data\raw\defect\defect_0391.png,defect,1
2023-12-11 10:00:00,data\raw\defect\defect_0392.png,defect,1
2023-12-11 10:00:00,data\raw\defect\defect_0393.png,defect,1
2023-12-11 10:00:00,data\raw\defect\defect_0394.png,defect,1
2023-12-11 10:00:00,data\raw\defect\defect_0395.png,defect,1
2023-12-11 10:00:00,data\raw\defect\defect_0396.png,defect,1
2023-12-11 10:00:00,data\raw\defect\defect_0397.png,defect,1
2023-12-11 10:00:00,data\raw\defect\defect_0398.png,defect,1
2023-12-11 10:00:00,data\raw\defect\defect_0399.png,defect,1
2023-12-11 10:00:00,data\raw\defect\defect_0400.png,defect,1
2023-12-11 10:00:00,data\raw\defect\defect_0401.png,defect,1
2023-12-11 10:00:00,data\raw\defect\defect_0402.png,defect,1
2023-12-11 10:00:00,data\raw\defect\defect_0403.png,defect,1
2023-12-11 10:00:00,data\raw\defect\defect_0404.png,defect,1
2023-12-11 10:00:00,data\raw\defect\defect_0405.png,defect,1
2023-12-11 10:00:00,data\raw\defect\defect_0406.png,defect,1
2023-12-11 10:00:00,data\raw\defect\defect_0407.png,defect,1
2023-12-11 10:00:00,data\raw\defect\defect_0408.png,defect,1
2023-12-11 10:00:00,data\raw\defect\defect_0409.png,defect,1
2023-12-11 10:00:00,data\raw\defect\defect_0410.png,defect,1
2023-12-11 10:00:00,data\raw\defect\defect_0411.png,defect,1
2023-12-11 10:00:00,data\raw\defect\defect_0412.png,defect,1
2023-12-11 10:00:00,data\raw\defect\defect_0413.png,defect,1
2023-12-11 10:00:00,data\raw\defect\defect_0414.png,defect,1
2023-12-11 10:00:00,data\raw\defect\defect_0415.png,defect,1
2023-12-11 10:00:00,data\raw\defect\defect_0416.png,defect,1
2023-12-11 10:00:00,data\raw\defect\defect_0417.png,defect,1
2023-12-11 10:00:00,data\raw\defect\defect_0418.png,defect,1
2023-12-11 10:00:00,data\raw\defect\defect_0419.png,defect,1
2023-12-11 10:00:00,data\raw\defect\defect_0420.png,defect,1
2023-12-11 10:00:00,data\raw\defect\defect_0421.png,defect,1
2023-12-11 10:00:00,data\raw\defect\defect_0422.png,defect,1
2023-12-11 10:00:00,data\raw\defect\defect_0423.png,defect,1
2023-12-11 10:00:00,data\raw\defect\defect_0424.png,defect,1
2023-12-11 10:00:00,data\raw\defect\defect_0425.png,defect,1
2023-12-11 10:00:00,data\raw\defect\defect_0426.png,defect,1
2023-12-11 10:00:00,data\raw\defect\defect_0427.png,defect,1
2023-12-11 10:00:00,data\raw\defect\defect_0428.png,defect,1
2023-12-11 10:00:00,data\raw\defect\defect_0429.png,defect,1
2023-12-11 10:00:00,data\raw\defect\defect_0430.png,defect,1
2023-12-11 10:00:00,data\raw\defect\defect_0431.png,defect,1
2023-12-11 10:00:00,data\raw\defect\defect_0432.png,defect,1
2023-12-11 10:00:00,data\raw\defect\defect_0433.png,defect,1
2023-12-11 10:00:00,data\raw\defect\defect_0434.png,defect,1
2023-12-11 10:00:00,data\raw\defect\defect_0435.png,defect,1
2023-12-11 10:00:00,data\raw\defect\defect_0436.png,defect,1
2023-12-11 10:00:00,data\raw\defect\defect_0437.png,defect,1
2023-12-11 10:00:00,data\raw\defect\defect_0438.png,defect,1
2023-12-11 10:00:00,data\raw\defect\defect_0439.png,defect,1
2023-12-11 10:00:00,data\raw\defect\defect_0440.png,defect,1
2023-12-11 10:00:00,data\raw\defect\defect_0441.png,defect,1
2023-12-11 10:00:00,data\raw\defect\defect_0442.png,defect,1
2023-12-11 10:00:00,data\raw\defect\defect_0443.png,defect,1
2023-12-11 10:00:00,data\raw\defect\defect_0444.png,defect,1
2023-12-11 10:00:00,data\raw\defect\defect_0445.png,defect,1
2023-12-11 10:00:00,data\raw\defect\defect_0446.png,defect,1
2023-12-11 10:00:00,data\raw\defect\defect_0447.png,defect,1
2023-12-11 10:00:00,data\raw\defect\defect_0448.png,defect,1
2023-12-11 10:00:00,data\raw\defect\defect_0449.png,defect,1
2023-12-11 10:00:00,data\raw\defect\defect_0450.png,defect,1
2023-12-11 10:00:00,data\raw\defect\defect_0451.png,defect,1
2023-12-11 10:00:00,data\raw\defect\defect_0452.png,defect,1
2023-12-11 10:00:00,data\raw\defect\defect_0453.png,defect,1
2023-12-11 10:00:00,data\raw\defect\defect_0454.png,defect,1
2023-12-11 10:00:00,data\raw\defect\defect_0455.png,defect,1
2023-12-11 10:00:00,data\raw\defect\defect_0456.png,defect,1
2023-12-11 10:00:00,data\raw\defect\defect_0457.png,defect,1
2023-12-11 10:00:00,data\raw\defect\defect_0458.png,defect,1
2023-12-11 10:00:00,data\raw\defect\defect_0459.png,defect,1
2023-12-11 10:00:00,data\raw\defect\defect_0460.png,defect,1
2023-12-11 10:00:00,data\raw\defect\defect_0461.png,defect,1
2023-12-11 10:00:00,data\raw\defect\defect_0462.png,defect,1
2023-12-11 10:00:00,data\raw\defect\defect_0463.png,defect,1
2023-12-11 10:00:00,data\raw\defect\defect_0464.png,defect,1
2023-12-11 10:00:00,data\raw\defect\defect_0465.png,defect,1
2023-12-11 10:00:00,data\raw\defect\defect_0466.png,defect,1
2023-12-11 10:00:00,data\raw\defect\defect_0467.png,defect,1
2023-12-11 10:00:00,data\raw\defect\defect_0468.png,defect,1
2023-12-11 10:00:00,data\raw\defect\defect_0469.png,defect,1
2023-12-11 10:00:00,data\raw\defect\defect_0470.png,defect,1
2023-12-11 10:00:00,data\raw\defect\defect_0471.png,defect,1
2023-12-11 10:00:00,data\raw\defect\defect_0472.png,defect,1
2023-12-11 10:00:00,data\raw\defect\defect_0473.png,defect,1
2023-12-11 10:00:00,data\raw\defect\defect_0474.png,defect,1
2023-12-11 10:00:00,data\raw\defect\defect_0475.png,defect,1
2023-12-11 10:00:00,data\raw\defect\defect_0476.png,defect,1
2023-12-11 10:00:00,data\raw\defect\defect_0477.png,defect,1
2023-12-11 10:00:00,data\raw\defect\defect_0478.png,defect,1
2023-12-11 10:00:00,data\raw\defect\defect_0479.png,defect,1
2023-12-11 10:00:00,data\raw\defect\defect_0480.png,defect,1
2023-12-11 10:00:00,data\raw\defect\defect_0481.png,defect,1
2023-12-11 10:00:00,data\raw\defect\defect_0482.png,defect,1
2023-12-11 10:00:00,data\raw\defect\defect_0483.png,defect,1
2023-12-11 10:00:00,data\raw\defect\defect_0484.png,defect,1
2023-12-11 10:00:00,data\raw\defect\defect_0485.png,defect,1
2023-12-11 10:00:00,data\raw\defect\defect_0486.png,defect,1
2023-12-11 10:00:00,data\raw\defect\defect_0487.png,defect,1
2023-12-11 10:00:00,data\raw\defect\defect_0488.png,defect,1
2023-12-11 10:00:00,data\raw\defect\defect_0489.png,defect,1
2023-12-11 10:00:00,data\raw\defect\defect_0490.png,defect,1
2023-12-11 10:00:00,data\raw\defect\defect_0491.png,defect,1
2023-12-11 10:00:00,data\raw\defect\defect_0492.png,defect,1
2023-12-11 10:00:00,data\raw\defect\defect_0493.png,defect,1
2023-12-11 10:00:00,data\raw\defect\defect_0494.png,defect,1
2023-12-11 10:00:00,data\raw\defect\defect_0495.png,defect,1
2023-12-11 10:00:00,data\raw\defect\defect_0496.png,defect,1
2023-12-11 10:00:00,data\raw\defect\defect_0497.png,defect,1
2023-12-11 10:00:00,data\raw\defect\defect_0498.png,defect,1
2023-12-11 10:00:00,data\raw\defect\defect_0499.png,defect,1
2023-12-11 10:00:00,data\raw\defect\defect_0500.png,defect,1
2023-12-11 10:00:00,data\raw\defect\defect_0501.png,defect,1
2023-12-11 10:00:00,data\raw\defect\defect_0502.png,defect,1
2023-12-11 10:00:00,data\raw\defect\defect_0503.png,defect,1
2023-12-11 10:00:00,data\raw\defect\defect_0504.png,defect,1
2023-12-11 10:00:00,data\raw\defect\defect_0505.png,defect,1
2023-12-11 10:00:00,data\raw\defect\defect_0506.png,defect,1
2023-12-11 10:00:00,data\raw\defect\defect_0507.png,defect,1
2023-12-11 10:00:00,data\raw\defect\defect_0508.png,defect,1
2023-12-11 10:00:00,data\raw\defect\defect_0509.png,defect,1
2023-12-11 10:00:00,data\raw\defect\defect_0510.png,defect,1
2023-12-11 10:00:00,data\raw\defect\defect_0511.png,defect,1
2023-12-11 10:00:00,data\raw\defect\defect_0512.png,defect,1
2023-12-11 10:00:00,data\raw\defect\defect_0513.png,defect,1
2023-12-11 10:00:00,data\raw\defect\defect_0514.png,defect,1
2023-12-11 10:00:00,data\raw\defect\defect_0515.png,defect,1
2023-12-11 10:00:00,data\raw\defect\defect_0516.png,defect,1
2023-12-11 10:00:00,data\raw\defect\defect_0517.png,defect,1
2023-12-11 10:00:00,data\raw\defect\defect_0518.png,defect,1
2023-12-11 10:00:00,data\raw\defect\defect_0519.png,defect,1
2023-12-11 10:00:00,data\raw\defect\defect_0520.png,defect,1
2023-12-11 10:00:00,data\raw\defect\defect_0521.png,defect,1
2023-12-11 10:00:00,data\raw\defect\defect_0522.png,defect,1
2023-12-11 10:00:00,data\raw\defect\defect_0523.png,defect,1
2023-12-11 10:00:00,data\raw\defect\defect_0524.png,defect,1
2023-12-11 10:00:00,data\raw\defect\defect_0525.png,defect,1
2023-12-11 10:00:00,data\raw\defect\defect_0526.png,defect,1
2023-12-11 10:00:00,data\raw\defect\defect_0527.png,defect,1
2023-12-11 10:00:00,data\raw\defect\defect_0528.png,defect,1
2023-12-11 10:00:00,data\raw\defect\defect_0529.png,defect,1
2023-12-11 10:00:00,data\raw\defect\defect_0530.png,defect,1
2023-12-11 10:00:00,data\raw\defect\defect_0531.png,defect,1
2023-12-11 10:00:00,data\raw\defect\defect_0532.png,defect,1
2023-12-11 10:00:00,data\raw\defect\defect_0533.png,defect,1
2023-12-11 10:00:00,data\raw\defect\defect_0534.png,defect,1
2023-12-11 10:00:00,data\raw\defect\defect_0535.png,defect,1
2023-12-11 10:00:00,data\raw\defect\defect_0536.png,defect,1
2023-12-11 10:00:00,data\raw\defect\defect_0537.png,defect,1
2023-12-11 10:00:00,data\raw\defect\defect_0538.png,defect,1
2023-12-11 10:00:00,data\raw\defect\defect_0539.png,defect,1
2023-12-11 10:00:00,data\raw\defect\defect_0540.png,defect,1
2023-12-11 10:00:00,data\raw\defect\defect_0541.png,defect,1
2023-12-11 10:00:00,data\raw\defect\defect_0542.png,defect,1
2023-12-11 10:00:00,data\raw\defect\defect_0543.png,defect,1
2023-12-11 10:00:00,data\raw\defect\defect_0544.png,defect,1
2023-12-11 10:00:00,data\raw\defect\defect_0545.png,defect,1
2023-12-11 10:00:00,data\raw\defect\defect_0546.png,defect,1
2023-12-11 10:00:00,data\raw\defect\defect_0547.png,defect,1
2023-12-11 10:00:00,data\raw\defect\defect_0548.png,defect,1
2023-12-11 10:00:00,data\raw\defect\defect_0549.png,defect,1
2023-12-11 10:00:00,data\raw\defect\defect_0550.png,defect,1
2023-12-11 10:00:00,data\raw\defect\defect_0551.png,defect,1
2023-12-11 10:00:00,data\raw\defect\defect_0552.png,defect,1
2023-12-11 10:00:00,data\raw\defect\defect_0553.png,defect,1
2023-12-11 10:00:00,data\raw\defect\defect_0554.png,defect,1
2023-12-11 10:00:00,data\raw\defect\defect_0555.png,defect,1
2023-12-11 10:00:00,data\raw\defect\defect_0556.png,defect,1
2023-12-11 10:00:00,data\raw\defect\defect_0557.png,defect,1
2023-12-11 10:00:00,data\raw\defect\defect_0558.png,defect,1
2023-12-11 10:00:00,data\raw\defect\defect_0559.png,defect,1
2023-12-11 10:00:00,data\raw\defect\defect_0560.png,defect,1
2023-12-11 10:00:00,data\raw\defect\defect_0561.png,defect,1
2023-12-11 10:00:00,data\raw\defect\defect_0562.png,defect,1
2023-12-11 10:00:00,data\raw\defect\defect_0563.png,defect,1
2023-12-11 10:00:00,data\raw\defect\defect_0564.png,defect,1
2023-12-11 10:00:00,data\raw\defect\defect_0565.png,defect,1
2023-12-11 10:00:00,data\raw\defect\defect_0566.png,defect,1
2023-12-11 10:00:00,data\raw\defect\defect_0567.png,defect,1
2023-12-11 10:00:00,data\raw\defect\defect_0568.png,defect,1
2023-12-11 10:00:00,data\raw\defect\defect_0569.png,defect,1
2023-12-11 10:00:00,data\raw\defect\defect_0570.png,defect,1
2023-12-11 10:00:00,data\raw\defect\defect_0571.png,defect,1
2023-12-11 10:00:00,data\raw\defect\defect_0572.png,defect,1
2023-12-11 10:00:00,data\raw\defect\defect_0573.png,defect,1
2023-12-11 10:00:00,data\raw\defect\defect_0574.png,defect,1
2023-12-11 10:00:00,data\raw\defect\defect_0575.png,defect,1
2023-12-11 10:00:00,data\raw\defect\defect_0576.png,defect,1
2023-12-11 10:00:00,data\raw\defect\defect_0577.png,defect,1
2023-12-11 10:00:00,data\raw\defect\defect_0578.png,defect,1
2023-12-11 10:00:00,data\raw\defect\defect_0579.png,defect,1
2023-12-11 10:00:00,data\raw\defect\defect_0580.png,defect,1
2023-12-11 10:00:00,data\raw\defect\defect_0581.png,defect,1
2023-12-11 10:00:00,data\raw\defect\defect_0582.png,defect,1
2023-12-11 10:00:00,data\raw\defect\defect_0583.png,defect,1
2023-12-11 10:00:00,data\raw\defect\defect_0584.png,defect,1
2023-12-11 10:00:00,data\raw\defect\defect_0585.png,defect,1
2023-12-11 10:00:00,data\raw\defect\defect_0586.png,defect,1
2023-12-11 10:00:00,data\raw\defect\defect_0587.png,defect,1
2023-12-11 10:00:00,data\raw\defect\defect_0588.png,defect,1
2023-12-11 10:00:00,data\raw\defect\defect_0589.png,defect,1
2023-12-11 10:00:00,data\raw\defect\defect_0590.png,defect,1
2023-12-11 10:00:00,data\raw\defect\defect_0591.png,defect,1
2023-12-11 10:00:00,data\raw\defect\defect_0592.png,defect,1
2023-12-11 10:00:00,data\raw\defect\defect_0593.png,defect,1
2023-12-11 10:00:00,data\raw\defect\defect_0594.png,defect,1
2023-12-11 10:00:00,data\raw\defect\defect_0595.png,defect,1
2023-12-11 10:00:00,data\raw\defect\defect_0596.png,defect,1
2023-12-11 10:00:00,data\raw\defect\defect_0597.png,defect,1
2023-12-11 10:00:00,data\raw\defect\defect_0598.png,defect,1
2023-12-11 10:00:00,data\raw\defect\defect_0599.png,defect,1
2023-12-11 10:00:00,data\raw\defect\defect_0600.png,defect,1
2023-12-11 10:00:00,data\raw\defect\defect_0601.png,defect,1
2023-12-11 10:00:00,data\raw\defect\defect_0602.png,defect,1
2023-12-11 10:00:00,data\raw\defect\defect_0603.png,defect,1
2023-12-11 10:00:00,data\raw\defect\defect_0604.png,defect,1
2023-12-11 10:00:00,data\raw\defect\defect_0605.png,defect,1
2023-12-11 10:00:00,data\raw\defect\defect_0606.png,defect,1
2023-12-11 10:00:00,data\raw\defect\defect_0607.png,defect,1
2023-12-11 10:00:00,data\raw\defect\defect_0608.png,defect,1
2023-12-11 10:00:00,data\raw\defect\defect_0609.png,defect,1
2023-12-11 10:00:00,data\raw\defect\defect_0610.png,defect,1
2023-12-11 10:00:00,data\raw\defect\defect_0611.png,defect,1
2023-12-11 10:00:00,data\raw\defect\defect_0612.png,defect,1
2023-12-11 10:00:00,data\raw\defect\defect_0613.png,defect,1
2023-12-11 10:00:00,data\raw\defect\defect_0614.png,defect,1
2023-12-11 10:00:00,data\raw\defect\defect_0615.png,defect,1
2023-12-11 10:00:00,data\raw\defect\defect_0616.png,defect,1
2023-12-11 10:00:00,data\raw\defect\defect_0617.png,defect,1
2023-12-11 10:00:00,data\raw\defect\defect_0618.png,defect,1
2023-12-11 10:00:00,data\raw\defect\defect_0619.png,defect,1
2023-12-11 10:00:00,data\raw\defect\defect_0620.png,defect,1
2023-12-11 10:00:00,data\raw\defect\defect_0621.png,defect,1
2023-12-11 10:00:00,data\raw\defect\defect_0622.png,defect,1
2023-12-11 10:00:00,data\raw\defect\defect_0623.png,defect,1
2023-12-11 10:00:00,data\raw\defect\defect_0624.png,defect,1
2023-12-11 10:00:00,data\raw\defect\defect_0625.png,defect,1
2023-12-11 10:00:00,data\raw\defect\defect_0626.png,defect,1
2023-12-11 10:00:00,data\raw\defect\defect_0627.png,defect,1
2023-12-11 10:00:00,data\raw\defect\defect_0628.png,defect,1
2023-12-11 10:00:00,data\raw\defect\defect_0629.png,defect,1
2023-12-11 10:00:00,data\raw\defect\defect_0630.png,defect,1
2023-12-11 10:00:00,data\raw\defect\defect_0631.png,defect,1
2023-12-11 10:00:00,data\raw\defect\defect_0632.png,defect,1
2023-12-11 10:00:00,data\raw\defect\defect_0633.png,defect,1
2023-12-11 10:00:00,data\raw\defect\defect_0634.png,defect,1
2023-12-11 10:00:00,data\raw\defect\defect_0635.png,defect,1
2023-12-11 10:00:00,data\raw\defect\defect_0636.png,defect,1
2023-12-11 10:00:00,data\raw\defect\defect_0637.png,defect,1
2023-12-11 10:00:00,data\raw\defect\defect_0638.png,defect,1
2023-12-11 10:00:00,data\raw\defect\defect_0639.png,defect,1
2023-12-11 10:00:00,data\raw\defect\defect_0640.png,defect,1
2023-12-11 10:00:00,data\raw\defect\defect_0641.png,defect,1
2023-12-11 10:00:00,data\raw\defect\defect_0642.png,defect,1
2023-12-11 10:00:00,data\raw\defect\defect_0643.png,defect,1
2023-12-11 10:00:00,data\raw\defect\defect_0644.png,defect,1
2023-12-11 10:00:00,data\raw\defect\defect_0645.png,defect,1
2023-12-11 10:00:00,data\raw\defect\defect_0646.png,defect,1
2023-12-11 10:00:00,data\raw\defect\defect_0647.png,defect,1
2023-12-11 10:00:00,data\raw\defect\defect_0648.png,defect,1
2023-12-11 10:00:00,data\raw\defect\defect_0649.png,defect,1
2023-12-11 10:00:00,data\raw\defect\defect_0650.png,defect,1
2023-12-11 10:00:00,data\raw\defect\defect_0651.png,defect,1
2023-12-11 10:00:00,data\raw\defect\defect_0652.png,defect,1
2023-12-11 10:00:00,data\raw\defect\defect_0653.png,defect,1
2023-12-11 10:00:00,data\raw\defect\defect_0654.png,defect,1
2023-12-11 10:00:00,data\raw\defect\defect_0655.png,defect,1
2023-12-11 10:00:00,data\raw\defect\defect_0656.png,defect,1
2023-12-11 10:00:00,data\raw\defect\defect_0657.png,defect,1
2023-12-11 10:00:00,data\raw\defect\defect_0658.png,defect,1
2023-12-11 10:00:00,data\raw\defect\defect_0659.png,defect,1
2023-12-11 10:00:00,data\raw\defect\defect_0660.png,defect,1
2023-12-11 10:00:00,data\raw\defect\defect_0661.png,defect,1
2023-12-11 10:00:00,data\raw\defect\defect_0662.png,defect,1
2023-12-11 10:00:00,data\raw\defect\defect_0663.png,defect,1
2023-12-11 10:00:00,data\raw\defect\defect_0664.png,defect,1
2023-12-11 10:00:00,data\raw\defect\defect_0665.png,defect,1
2023-12-11 10:00:00,data\raw\defect\defect_0666.png,defect,1
2023-12-11 10:00:00,data\raw\defect\defect_0667.png,defect,1
2023-12-11 10:00:00,data\raw\defect\defect_0668.png,defect,1
2023-12-11 10:00:00,data\raw\defect\defect_0669.png,defect,1
2023-12-11 10:00:00,data\raw\defect\defect_0670.png,defect,1
2023-12-11 10:00:00,data\raw\defect\defect_0671.png,defect,1
2023-12-11 10:00:00,data\raw\defect\defect_0672.png,defect,1
2023-12-11 10:00:00,data\raw\defect\defect_0673.png,defect,1
2023-12-11 10:00:00,data\raw\defect\defect_0674.png,defect,1
2023-12-11 10:00:00,data\raw\defect\defect_0675.png,defect,1
2023-12-11 10:00:00,data\raw\defect\defect_0676.png,defect,1
2023-12-11 10:00:00,data\raw\defect\defect_0677.png,defect,1
2023-12-11 10:00:00,data\raw\defect\defect_0678.png,defect,1
2023-12-11 10:00:00,data\raw\defect\defect_0679.png,defect,1
2023-12-11 10:00:00,data\raw\defect\defect_0680.png,defect,1
2023-12-11 10:00:00,data\raw\defect\defect_0681.png,defect,1
2023-12-11 10:00:00,data\raw\defect\defect_0682.png,defect,1
2023-12-11 10:00:00,data\raw\defect\defect_0683.png,defect,1
2023-12-11 10:00:00,data\raw\defect\defect_0684.png,defect,1
2023-12-11 10:00:00,data\raw\defect\defect_0685.png,defect,1
2023-12-11 10:00:00,data\raw\defect\defect_0686.png,defect,1
2023-12-11 10:00:00,data\raw\defect\defect_0687.png,defect,1
2023-12-11 10:00:00,data\raw\defect\defect_0688.png,defect,1
2023-12-11 10:00:00,data\raw\defect\defect_0689.png,defect,1
2023-12-11 10:00:00,data\raw\defect\defect_0690.png,defect,1
2023-12-11 10:00:00,data\raw\defect\defect_0691.png,defect,1
2023-12-11 10:00:00,data\raw\defect\defect_0692.png,defect,1
2023-12-11 10:00:00,data\raw\defect\defect_0693.png,defect,1
2023-12-11 10:00:00,data\raw\defect\defect_0694.png,defect,1
2023-12-11 10:00:00,data\raw\defect\defect_0695.png,defect,1
2023-12-11 10:00:00,data\raw\defect\defect_0696.png,defect,1
2023-12-11 10:00:00,data\raw\defect\defect_0697.png,defect,1
2023-12-11 10:00:00,data\raw\defect\defect_0698.png,defect,1
2023-12-11 10:00:00,data\raw\defect\defect_0699.png,defect,1
2023-12-11 10:00:00,data\raw\defect\defect_0700.png,defect,1
2023-12-11 10:00:00,data\raw\defect\defect_0701.png,defect,1
2023-12-11 10:00:00,data\raw\defect\defect_0702.png,defect,1
2023-12-11 10:00:00,data\raw\defect\defect_0703.png,defect,1
2023-12-11 10:00:00,data\raw\defect\defect_0704.png,defect,1
2023-12-11 10:00:00,data\raw\defect\defect_0705.png,defect,1
2023-12-11 10:00:00,data\raw\defect\defect_0706.png,defect,1
2023-12-11 10:00:00,data\raw\defect\defect_0707.png,defect,1
2023-12-11 10:00:00,data\raw\defect\defect_0708.png,defect,1
2023-12-11 10:00:00,data\raw\defect\defect_0709.png,defect,1
2023-12-11 10:00:00,data\raw\defect\defect_0710.png,defect,1
2023-12-11 10:00:00,data\raw\defect\defect_0711.png,defect,1
2023-12-11 10:00:00,data\raw\defect\defect_0712.png,defect,1
2023-12-11 10:00:00,data\raw\defect\defect_0713.png,defect,1
2023-12-11 10:00:00,data\raw\defect\defect_0714.png,defect,1
2023-12-11 10:00:00,data\raw\defect\defect_0715.png,defect,1
2023-12-11 10:00:00,data\raw\defect\defect_0716.png,defect,1
2023-12-11 10:00:00,data\raw\defect\defect_0717.png,defect,1
2023-12-11 10:00:00,data\raw\defect\defect_0718.png,defect,1
2023-12-11 10:00:00,data\raw\defect\defect_0719.png,defect,1
2023-12-11 10:00:00,data\raw\defect\defect_0720.png,defect,1
2023-12-11 10:00:00,data\raw\defect\defect_0721.png,defect,1
2023-12-11 10:00:00,data\raw\defect\defect_0722.png,defect,1
2023-12-11 10:00:00,data\raw\defect\defect_0723.png,defect,1
2023-12-11 10:00:00,data\raw\defect\defect_0724.png,defect,1
2023-12-11 10:00:00,data\raw\defect\defect_0725.png,defect,1
2023-12-11 10:00:00,data\raw\defect\defect_0726.png,defect,1
2023-12-11 10:00:00,data\raw\defect\defect_0727.png,defect,1
2023-12-11 10:00:00,data\raw\defect\defect_0728.png,defect,1
2023-12-11 10:00:00,data\raw\defect\defect_0729.png,defect,1
2023-12-11 10:00:00,data\raw\defect\defect_0730.png,defect,1
2023-12-11 10:00:00,data\raw\defect\defect_0731.png,defect,1
2023-12-11 10:00:00,data\raw\defect\defect_0732.png,defect,1
2023-12-11 10:00:00,data\raw\defect\defect_0733.png,defect,1
2023-12-11 10:00:00,data\raw\defect\defect_0734.png,defect,1
2023-12-11 10:00:00,data\raw\defect\defect_0735.png,defect,1
2023-12-11 10:00:00,data\raw\defect\defect_0736.png,defect,1
2023-12-11 10:00:00,data\raw\defect\defect_0737.png,defect,1
2023-12-11 10:00:00,data\raw\defect\defect_0738.png,defect,1
2023-12-11 10:00:00,data\raw\defect\defect_0739.png,defect,1
2023-12-11 10:00:00,data\raw\defect\defect_0740.png,defect,1
2023-12-11 10:00:00,data\raw\defect\defect_0741.png,defect,1
2023-12-11 10:00:00,data\raw\defect\defect_0742.png,defect,1
2023-12-11 10:00:00,data\raw\defect\defect_0743.png,defect,1
2023-12-11 10:00:00,data\raw\defect\defect_0744.png,defect,1
2023-12-11 10:00:00,data\raw\defect\defect_0745.png,defect,1
2023-12-11 10:00:00,data\raw\defect\defect_0746.png,defect,1
2023-12-11 10:00:00,data\raw\defect\defect_0747.png,defect,1
2023-12-11 10:00:00,data\raw\defect\defect_0748.png,defect,1
2023-12-11 10:00:00,data\raw\defect\defect_0749.png,defect,1
2023-12-11 10:00:00,data\raw\defect\defect_0750.png,defect,1
2023-12-11 10:00:00,data\raw\defect\defect_0751.png,defect,1
2023-12-11 10:00:00,data\raw\defect\defect_0752.png,defect,1
2023-12-11 10:00:00,data\raw\defect\defect_0753.png,defect,1
2023-12-11 10:00:00,data\raw\defect\defect_0754.png,defect,1
2023-12-11 10:00:00,data\raw\defect\defect_0755.png,defect,1
2023-12-11 10:00:00,data\raw\defect\defect_0756.png,defect,1
2023-12-11 10:00:00,data\raw\defect\defect_0757.png,defect,1
2023-12-11 10:00:00,data\raw\defect\defect_0758.png,defect,1
2023-12-11 10:00:00,data\raw\defect\defect_0759.png,defect,1
2023-12-11 10:00:00,data\raw\defect\defect_0760.png,defect,1
2023-12-11 10:00:00,data\raw\defect\defect_0761.png,defect,1
2023-12-11 10:00:00,data\raw\defect\defect_0762.png,defect,1
2023-12-11 10:00:00,data\raw\defect\defect_0763.png,defect,1
2023-12-11 10:00:00,data\raw\defect\defect_0764.png,defect,1
2023-12-11 10:00:00,data\raw\defect\defect_0765.png,defect,1
2023-12-11 10:00:00,data\raw\defect\defect_0766.png,defect,1
2023-12-11 10:00:00,data\raw\defect\defect_0767.png,defect,1
2023-12-11 10:00:00,data\raw\defect\defect_0768.png,defect,1
2023-12-11 10:00:00,data\raw\defect\defect_0769.png,defect,1
2023-12-11 10:00:00,data\raw\defect\defect_0770.png,defect,1
2023-12-11 10:00:00,data\raw\defect\defect_0771.png,defect,1
2023-12-11 10:00:00,data\raw\defect\defect_0772.png,defect,1
2023-12-11 10:00:00,data\raw\defect\defect_0773.png,defect,1
2023-12-11 10:00:00,data\raw\defect\defect_0774.png,defect,1
2023-12-11 10:00:00,data\raw\defect\defect_0775.png,defect,1
2023-12-11 10:00:00,data\raw\defect\defect_0776.png,defect,1
2023-12-11 10:00:00,data\raw\defect\defect_0777.png,defect,1
2023-12-11 10:00:00,data\raw\defect\defect_0778.png,defect,1
2023-12-11 10:00:00,data\raw\defect\defect_0779.png,defect,1
2023-12-11 10:00:00,data\raw\defect\defect_0780.png,defect,1
2023-12-11 10:00:00,data\raw\defect\defect_0781.png,defect,1
2023-12-11 10:00:00,data\raw\defect\defect_0782.png,defect,1
2023-12-11 10:00:00,data\raw\defect\defect_0783.png,defect,1
2023-12-11 10:00:00,data\raw\defect\defect_0784.png,defect,1
2023-12-11 10:00:00,data\raw\defect\defect_0785.png,defect,1
2023-12-11 10:00:00,data\raw\defect\defect_0786.png,defect,1
2023-12-11 10:00:00,data\raw\defect\defect_0787.png,defect,1
2023-12-11 10:00:00,data\raw\defect\defect_0788.png,defect,1
2023-12-11 10:00:00,data\raw\defect\defect_0789.png,defect,1
2023-12-11 10:00:00,data\raw\defect\defect_0790.png,defect,1
2023-12-11 10:00:00,data\raw\defect\defect_0791.png,defect,1
2023-12-11 10:00:00,data\raw\defect\defect_0792.png,defect,1
2023-12-11 10:00:00,data\raw\defect\defect_0793.png,defect,1
2023-12-11 10:00:00,data\raw\defect\defect_0794.png,defect,1
2023-12-11 10:00:00,data\raw\defect\defect_0795.png,defect,1
2023-12-11 10:00:00,data\raw\defect\defect_0796.png,defect,1
2023-12-11 10:00:00,data\raw\defect\defect_0797.png,defect,1
2023-12-11 10:00:00,data\raw\defect\defect_0798.png,defect,1
2023-12-11 10:00:00,data\raw\defect\defect_0799.png,defect,1
2023-12-11 10:00:00,data\raw\defect\defect_0800.png,defect,1
2023-12-11 10:00:00,data\raw\defect\defect_0801.png,defect,1
2023-12-11 10:00:00,data\raw\defect\defect_0802.png,defect,1
2023-12-11 10:00:00,data\raw\defect\defect_0803.png,defect,1
2023-12-11 10:00:00,data\raw\defect\defect_0804.png,defect,1
2023-12-11 10:00:00,data\raw\defect\defect_0805.png,defect,1
2023-12-11 10:00:00,data\raw\defect\defect_0806.png,defect,1
2023-12-11 10:00:00,data\raw\defect\defect_0807.png,defect,1
2023-12-11 10:00:00,data\raw\defect\defect_0808.png,defect,1
2023-12-11 10:00:00,data\raw\defect\defect_0809.png,defect,1
2023-12-11 10:00:00,data\raw\defect\defect_0810.png,defect,1
2023-12-11 10:00:00,data\raw\defect\defect_0811.png,defect,1
2023-12-11 10:00:00,data\raw\defect\defect_0812.png,defect,1
2023-12-11 10:00:00,data\raw\defect\defect_0813.png,defect,1
2023-12-11 10:00:00,data\raw\defect\defect_0814.png,defect,1
2023-12-11 10:00:00,data\raw\defect\defect_0815.png,defect,1
2023-12-11 10:00:00,data\raw\defect\defect_0816.png,defect,1
2023-12-11 10:00:00,data\raw\defect\defect_0817.png,defect,1
2023-12-11 10:00:00,data\raw\defect\defect_0818.png,defect,1
2023-12-11 10:00:00,data\raw\defect\defect_0819.png,defect,1
2023-12-11 10:00:00,data\raw\defect\defect_0820.png,defect,1
2023-12-11 10:00:00,data\raw\defect\defect_0821.png,defect,1
2023-12-11 10:00:00,data\raw\defect\defect_0822.png,defect,1
2023-12-11 10:00:00,data\raw\defect\defect_0823.png,defect,1
2023-12-11 10:00:00,data\raw\defect\defect_0824.png,defect,1
2023-12-11 10:00:00,data\raw\defect\defect_0825.png,defect,1
2023-12-11 10:00:00,data\raw\defect\defect_0826.png,defect,1
2023-12-11 10:00:00,data\raw\defect\defect_0827.png,defect,1
2023-12-11 10:00:00,data\raw\defect\defect_0828.png,defect,1
2023-12-11 10:00:00,data\raw\defect\defect_0829.png,defect,1
2023-12-11 10:00:00,data\raw\defect\defect_0830.png,defect,1
2023-12-11 10:00:00,data\raw\defect\defect_0831.png,defect,1
2023-12-11 10:00:00,data\raw\defect\defect_0832.png,defect,1
2023-12-11 10:00:00,data\raw\defect\defect_0833.png,defect,1
2023-12-11 10:00:00,data\raw\defect\defect_0834.png,defect,1
2023-12-11 10:00:00,data\raw\defect\defect_0835.png,defect,1
2023-12-11 10:00:00,data\raw\defect\defect_0836.png,defect,1
2023-12-11 10:00:00,data\raw\defect\defect_0837.png,defect,1
2023-12-11 10:00:00,data\raw\defect\defect_0838.png,defect,1
2023-12-11 10:00:00,data\raw\defect\defect_0839.png,defect,1
2023-12-11 10:00:00,data\raw\defect\defect_0840.png,defect,1
2023-12-11 10:00:00,data\raw\defect\defect_0841.png,defect,1
2023-12-11 10:00:00,data\raw\defect\defect_0842.png,defect,1
2023-12-11 10:00:00,data\raw\defect\defect_0843.png,defect,1
2023-12-11 10:00:00,data\raw\defect\defect_0844.png,defect,1
2023-12-11 10:00:00,data\raw\defect\defect_0845.png,defect,1
2023-12-11 10:00:00,data\raw\defect\defect_0846.png,defect,1
2023-12-11 10:00:00,data\raw\defect\defect_0847.png,defect,1
2023-12-11 10:00:00,data\raw\defect\defect_0848.png,defect,1
2023-12-11 10:00:00,data\raw\defect\defect_0849.png,defect,1
2023-12-11 10:00:00,data\raw\defect\defect_0850.png,defect,1
2023-12-11 10:00:00,data\raw\defect\defect_0851.png,defect,1
2023-12-11 10:00:00,data\raw\defect\defect_0852.png,defect,1
2023-12-11 10:00:00,data\raw\defect\defect_0853.png,defect,1
2023-12-11 10:00:00,data\raw\defect\defect_0854.png,defect,1
2023-12-11 10:00:00,data\raw\defect\defect_0855.png,defect,1
2023-12-11 10:00:00,data\raw\defect\defect_0856.png,defect,1
2023-12-11 10:00:00,data\raw\defect\defect_0857.png,defect,1
2023-12-11 10:00:00,data\raw\defect\defect_0858.png,defect,1
2023-12-11 10:00:00,data\raw\defect\defect_0859.png,defect,1
2023-12-11 10:00:00,data\raw\defect\defect_0860.png,defect,1
2023-12-11 10:00:00,data\raw\defect\defect_0861.png,defect,1
2023-12-11 10:00:00,data\raw\defect\defect_0862.png,defect,1
2023-12-11 10:00:00,data\raw\defect\defect_0863.png,defect,1
2023-12-11 10:00:00,data\raw\defect\defect_0864.png,defect,1
2023-12-11 10:00:00,data\raw\defect\defect_0865.png,defect,1
2023-12-11 10:00:00,data\raw\defect\defect_0866.png,defect,1
2023-12-11 10:00:00,data\raw\defect\defect_0867.png,defect,1
2023-12-11 10:00:00,data\raw\defect\defect_0868.png,defect,1
2023-12-11 10:00:00,data\raw\defect\defect_0869.png,defect,1
2023-12-11 10:00:00,data\raw\defect\defect_0870.png,defect,1
2023-12-11 10:00:00,data\raw\defect\defect_0871.png,defect,1
2023-12-11 10:00:00,data\raw\defect\defect_0872.png,defect,1
2023-12-11 10:00:00,data\raw\defect\defect_0873.png,defect,1
2023-12-11 10:00:00,data\raw\defect\defect_0874.png,defect,1
2023-12-11 10:00:00,data\raw\defect\defect_0875.png,defect,1
2023-12-11 10:00:00,data\raw\defect\defect_0876.png,defect,1
2023-12-11 10:00:00,data\raw\defect\defect_0877.png,defect,1
2023-12-11 10:00:00,data\raw\defect\defect_0878.png,defect,1
2023-12-11 10:00:00,data\raw\defect\defect_0879.png,defect,1
2023-12-11 10:00:00,data\raw\defect\defect_0880.png,defect,1
2023-12-11 10:00:00,data\raw\defect\defect_0881.png,defect,1
2023-12-11 10:00:00,data\raw\defect\defect_0882.png,defect,1
2023-12-11 10:00:00,data\raw\defect\defect_0883.png,defect,1
2023-12-11 10:00:00,data\raw\defect\defect_0884.png,defect,1
2023-12-11 10:00:00,data\raw\defect\defect_0885.png,defect,1
2023-12-11 10:00:00,data\raw\defect\defect_0886.png,defect,1
2023-12-11 10:00:00,data\raw\defect\defect_0887.png,defect,1
2023-12-11 10:00:00,data\raw\defect\defect_0888.png,defect,1
2023-12-11 10:00:00,data\raw\defect\defect_0889.png,defect,1
2023-12-11 10:00:00,data\raw\defect\defect_0890.png,defect,1
2023-12-11 10:00:00,data\raw\defect\defect_0891.png,defect,1
2023-12-11 10:00:00,data\raw\defect\defect_0892.png,defect,1
2023-12-11 10:00:00,data\raw\defect\defect_0893.png,defect,1
2023-12-11 10:00:00,data\raw\defect\defect_0894.png,defect,1
2023-12-11 10:00:00,data\raw\defect\defect_0895.png,defect,1
2023-12-11 10:00:00,data\raw\defect\defect_0896.png,defect,1
2023-12-11 10:00:00,data\raw\defect\defect_0897.png,defect,1
2023-12-11 10:00:00,data\raw\defect\defect_0898.png,defect,1
2023-12-11 10:00:00,data\raw\defect\defect_0899.png,defect,1
2023-12-11 10:00:00,data\raw\defect\defect_0900.png,defect,1
2023-12-11 10:00:00,data\raw\defect\defect_0901.png,defect,1
2023-12-11 10:00:00,data\raw\defect\defect_0902.png,defect,1
2023-12-11 10:00:00,data\raw\defect\defect_0903.png,defect,1
2023-12-11 10:00:00,data\raw\defect\defect_0904.png,defect,1
2023-12-11 10:00:00,data\raw\defect\defect_0905.png,defect,1
2023-12-11 10:00:00,data\raw\defect\defect_0906.png,defect,1
2023-12-11 10:00:00,data\raw\defect\defect_0907.png,defect,1
2023-12-11 10:00:00,data\raw\defect\defect_0908.png,defect,1
2023-12-11 10:00:00,data\raw\defect\defect_0909.png,defect,1
2023-12-11 10:00:00,data\raw\defect\defect_0910.png,defect,1
2023-12-11 10:00:00,data\raw\defect\defect_0911.png,defect,1
2023-12-11 10:00:00,data\raw\defect\defect_0912.png,defect,1
2023-12-11 10:00:00,data\raw\defect\defect_0913.png,defect,1
2023-12-11 10:00:00,data\raw\defect\defect_0914.png,defect,1
2023-12-11 10:00:00,data\raw\defect\defect_0915.png,defect,1
2023-12-11 10:00:00,data\raw\defect\defect_0916.png,defect,1
2023-12-11 10:00:00,data\raw\defect\defect_0917.png,defect,1
2023-12-11 10:00:00,data\raw\defect\defect_0918.png,defect,1
2023-12-11 10:00:00,data\raw\defect\defect_0919.png,defect,1
2023-12-11 10:00:00,data\raw\defect\defect_0920.png,defect,1
2023-12-11 10:00:00,data\raw\defect\defect_0921.png,defect,1
2023-12-11 10:00:00,data\raw\defect\defect_0922.png,defect,1
2023-12-11 10:00:00,data\raw\defect\defect_0923.png,defect,1
2023-12-11 10:00:00,data\raw\defect\defect_0924.png,defect,1
2023-12-11 10:00:00,data\raw\defect\defect_0925.png,defect,1
2023-12-11 10:00:00,data\raw\defect\defect_0926.png,defect,1
2023-12-11 10:00:00,data\raw\defect\defect_0927.png,defect,1
2023-12-11 10:00:00,data\raw\defect\defect_0928.png,defect,1
2023-12-11 10:00:00,data\raw\defect\defect_0929.png,defect,1
2023-12-11 10:00:00,data\raw\defect\defect_0930.png,defect,1
2023-12-11 10:00:00,data\raw\defect\defect_0931.png,defect,1
2023-12-11 10:00:00,data\raw\defect\defect_0932.png,defect,1
2023-12-11 10:00:00,data\raw\defect\defect_0933.png,defect,1
2023-12-11 10:00:00,data\raw\defect\defect_0934.png,defect,1
2023-12-11 10:00:00,data\raw\defect\defect_0935.png,defect,1
2023-12-11 10:00:00,data\raw\defect\defect_0936.png,defect,1
2023-12-11 10:00:00,data\raw\defect\defect_0937.png,defect,1
2023-12-11 10:00:00,data\raw\defect\defect_0938.png,defect,1
2023-12-11 10:00:00,data\raw\defect\defect_0939.png,defect,1
2023-12-11 10:00:00,data\raw\defect\defect_0940.png,defect,1
2023-12-11 10:00:00,data\raw\defect\defect_0941.png,defect,1
2023-12-11 10:00:00,data\raw\defect\defect_0942.png,defect,1
2023-12-11 10:00:00,data\raw\defect\defect_0943.png,defect,1
2023-12-11 10:00:00,data\raw\defect\defect_0944.png,defect,1
2023-12-11 10:00:00,data\raw\defect\defect_0945.png,defect,1
2023-12-11 10:00:00,data\raw\defect\defect_0946.png,defect,1
2023-12-11 10:00:00,data\raw\defect\defect_0947.png,defect,1
2023-12-11 10:00:00,data\raw\defect\defect_0948.png,defect,1
2023-12-11 10:00:00,data\raw\defect\defect_0949.png,defect,1
2023-12-11 10:00:00,data\raw\defect\defect_0950.png,defect,1
2023-12-11 10:00:00,data\raw\defect\defect_0951.png,defect,1
2023-12-11 10:00:00,data\raw\defect\defect_0952.png,defect,1
2023-12-11 10:00:00,data\raw\defect\defect_0953.png,defect,1
2023-12-11 10:00:00,data\raw\defect\defect_0954.png,defect,1
2023-12-11 10:00:00,data\raw\defect\defect_0955.png,defect,1
2023-12-11 10:00:00,data\raw\defect\defect_0956.png,defect,1
2023-12-11 10:00:00,data\raw\defect\defect_0957.png,defect,1
2023-12-11 10:00:00,data\raw\defect\defect_0958.png,defect,1
2023-12-11 10:00:00,data\raw\defect\defect_0959.png,defect,1
2023-12-11 10:00:00,data\raw\defect\defect_0960.png,defect,1
2023-12-11 10:00:00,data\raw\defect\defect_0961.png,defect,1
2023-12-11 10:00:00,data\raw\defect\defect_0962.png,defect,1
2023-12-11 10:00:00,data\raw\defect\defect_0963.png,defect,1
2023-12-11 10:00:00,data\raw\defect\defect_0964.png,defect,1
2023-12-11 10:00:00,data\raw\defect\defect_0965.png,defect,1
2023-12-11 10:00:00,data\raw\defect\defect_0966.png,defect,1
2023-12-11 10:00:00,data\raw\defect\defect_0967.png,defect,1
2023-12-11 10:00:00,data\raw\defect\defect_0968.png,defect,1
2023-12-11 10:00:00,data\raw\defect\defect_0969.png,defect,1
2023-12-11 10:00:00,data\raw\defect\defect_0970.png,defect,1
2023-12-11 10:00:00,data\raw\defect\defect_0971.png,defect,1
2023-12-11 10:00:00,data\raw\defect\defect_0972.png,defect,1
2023-12-11 10:00:00,data\raw\defect\defect_0973.png,defect,1
2023-12-11 10:00:00,data\raw\defect\defect_0974.png,defect,1
2023-12-11 10:00:00,data\raw\defect\defect_0975.png,defect,1
2023-12-11 10:00:00,data\raw\defect\defect_0976.png,defect,1
2023-12-11 10:00:00,data\raw\defect\defect_0977.png,defect,1
2023-12-11 10:00:00,data\raw\defect\defect_0978.png,defect,1
2023-12-11 10:00:00,data\raw\defect\defect_0979.png,defect,1
2023-12-11 10:00:00,data\raw\defect\defect_0980.png,defect,1
2023-12-11 10:00:00,data\raw\defect\defect_0981.png,defect,1
2023-12-11 10:00:00,data\raw\defect\defect_0982.png,defect,1
2023-12-11 10:00:00,data\raw\defect\defect_0983.png,defect,1
2023-12-11 10:00:00,data\raw\defect\defect_0984.png,defect,1
2023-12-11 10:00:00,data\raw\defect\defect_0985.png,defect,1
2023-12-11 10:00:00,data\raw\defect\defect_0986.png,defect,1
2023-12-11 10:00:00,data\raw\defect\defect_0987.png,defect,1
2023-12-11 10:00:00,data\raw\defect\defect_0988.png,defect,1
2023-12-11 10:00:00,data\raw\defect\defect_0989.png,defect,1
2023-12-11 10:00:00,data\raw\defect\defect_0990.png,defect,1
2023-12-11 10:00:00,data\raw\defect\defect_0991.png,defect,1
2023-12-11 10:00:00,data\raw\defect\defect_0992.png,defect,1
2023-12-11 10:00:00,data\raw\defect\defect_0993.png,defect,1
2023-12-11 10:00:00,data\raw\defect\defect_0994.png,defect,1
2023-12-11 10:00:00,data\raw\defect\defect_0995.png,defect,1
2023-12-11 10:00:00,data\raw\defect\defect_0996.png,defect,1
2023-12-11 10:00:00,data\raw\defect\defect_0997.png,defect,1
2023-12-11 10:00:00,data\raw\defect\defect_0998.png,defect,1
2023-12-11 10:00:00,data\raw\defect\defect_0999.png,defect,1
